-- Adminer 4.7.8 MySQL dump

SET NAMES utf8;
SET time_zone = '+00:00';
SET foreign_key_checks = 0;
SET sql_mode = 'NO_AUTO_VALUE_ON_ZERO';

SET NAMES utf8mb4;

DROP TABLE IF EXISTS `addresses`;
CREATE TABLE `addresses` (
  `id` bigint(20) unsigned NOT NULL AUTO_INCREMENT,
  `location_type` varchar(255) COLLATE utf8mb4_unicode_ci NOT NULL,
  `mobile` varchar(255) COLLATE utf8mb4_unicode_ci NOT NULL,
  `phone` varchar(255) COLLATE utf8mb4_unicode_ci DEFAULT NULL,
  `email` varchar(255) COLLATE utf8mb4_unicode_ci DEFAULT NULL,
  `address` varchar(255) COLLATE utf8mb4_unicode_ci NOT NULL,
  `pincode` varchar(6) COLLATE utf8mb4_unicode_ci DEFAULT NULL,
  `village_id` bigint(20) unsigned DEFAULT NULL,
  `zone_id` bigint(20) unsigned DEFAULT NULL,
  `district_id` bigint(20) unsigned DEFAULT NULL,
  `state_id` bigint(20) unsigned NOT NULL,
  `country_id` bigint(20) unsigned NOT NULL,
  `created_at` timestamp NULL DEFAULT NULL,
  `updated_at` timestamp NULL DEFAULT NULL,
  `name` varchar(255) COLLATE utf8mb4_unicode_ci DEFAULT NULL,
  PRIMARY KEY (`id`),
  KEY `addresses_village_id_foreign` (`village_id`),
  KEY `addresses_zone_id_foreign` (`zone_id`),
  KEY `addresses_district_id_foreign` (`district_id`),
  KEY `addresses_state_id_foreign` (`state_id`),
  KEY `addresses_country_id_foreign` (`country_id`),
  CONSTRAINT `addresses_country_id_foreign` FOREIGN KEY (`country_id`) REFERENCES `countries` (`id`),
  CONSTRAINT `addresses_district_id_foreign` FOREIGN KEY (`district_id`) REFERENCES `districts` (`id`),
  CONSTRAINT `addresses_state_id_foreign` FOREIGN KEY (`state_id`) REFERENCES `states` (`id`),
  CONSTRAINT `addresses_village_id_foreign` FOREIGN KEY (`village_id`) REFERENCES `villages` (`id`),
  CONSTRAINT `addresses_zone_id_foreign` FOREIGN KEY (`zone_id`) REFERENCES `zones` (`id`)
) ENGINE=InnoDB DEFAULT CHARSET=utf8mb4 COLLATE=utf8mb4_unicode_ci;

INSERT INTO `addresses` (`id`, `location_type`, `mobile`, `phone`, `email`, `address`, `pincode`, `village_id`, `zone_id`, `district_id`, `state_id`, `country_id`, `created_at`, `updated_at`, `name`) VALUES
(3,	'Agent',	'9164589900',	NULL,	'test@test.com',	'test',	'560045',	1,	1,	1,	1,	1,	'2023-08-13 07:26:51',	'2023-08-13 07:26:51',	NULL),
(6,	'Farmer',	'9164536901',	NULL,	'test@test.com',	'test',	'560045',	1,	1,	1,	1,	1,	'2023-08-13 08:11:07',	'2023-08-13 08:11:07',	NULL),
(9,	'Farmer',	'1234567890',	NULL,	'qq@qq.com',	'aaa',	'123456',	1,	1,	1,	1,	1,	'2023-08-14 11:11:37',	'2023-08-14 11:11:37',	NULL),
(10,	'Order',	'34567890',	NULL,	'aa@aa.com',	'ddd',	'123456',	1,	1,	1,	1,	1,	'2023-08-14 16:17:55',	'2023-08-14 16:17:55',	NULL),
(11,	'Order',	'34567890',	NULL,	'aa@aa.com',	'ddd',	'123456',	1,	1,	1,	1,	1,	'2023-08-14 16:19:37',	'2023-08-14 16:19:37',	NULL),
(12,	'Order',	'34567890',	NULL,	'aa@aa.com',	'ddd',	'123456',	1,	1,	1,	1,	1,	'2023-08-14 16:20:40',	'2023-08-14 16:20:40',	NULL),
(13,	'Order',	'23',	NULL,	'aa@aa.com',	'ss',	'123456',	1,	1,	1,	1,	1,	'2023-08-14 16:25:30',	'2023-08-14 16:25:30',	NULL),
(14,	'Order',	'12345678',	NULL,	NULL,	'aa',	'123456',	1,	1,	1,	1,	1,	'2023-08-14 16:33:06',	'2023-08-14 16:33:06',	NULL),
(15,	'Order',	'1111',	NULL,	'aa@aa.com',	'aa',	'123456',	1,	1,	1,	1,	1,	'2023-08-15 14:35:21',	'2023-08-15 14:35:21',	NULL),
(16,	'Order',	'9632587410',	NULL,	NULL,	'test',	'123456',	1,	1,	1,	1,	1,	'2023-08-15 21:28:47',	'2023-08-15 21:28:47',	NULL),
(17,	'Order',	'9972504742',	NULL,	NULL,	'Bangalore',	'560037',	1,	1,	1,	1,	1,	'2023-08-15 22:00:15',	'2023-08-15 22:00:15',	NULL),
(18,	'Order',	'8892183471',	NULL,	NULL,	'chjk',	'560068',	1,	1,	1,	1,	1,	'2023-08-15 23:05:35',	'2023-08-15 23:05:35',	NULL),
(19,	'Order',	'6366062229',	NULL,	NULL,	'vrr',	'560037',	1,	1,	1,	1,	1,	'2023-08-28 21:10:16',	'2023-08-28 21:10:16',	NULL),
(20,	'Order',	'6366062229',	NULL,	NULL,	'vrr',	'560037',	1,	1,	1,	1,	1,	'2023-08-28 21:15:26',	'2023-08-28 21:15:26',	NULL),
(22,	'Influencer',	'123456789',	NULL,	'inf@gmail.com',	'add1',	'560037',	1,	1,	1,	1,	1,	'2023-08-31 11:56:05',	'2023-08-31 11:56:05',	NULL),
(23,	'Order',	'4567890987',	NULL,	NULL,	'fgjhgj',	'345678',	1,	1,	1,	1,	1,	'2023-10-11 00:38:16',	'2023-10-11 00:38:16',	NULL),
(24,	'Order',	'9980573313',	NULL,	NULL,	'home',	'560067',	1,	1,	1,	1,	1,	'2023-10-13 20:04:55',	'2023-10-13 20:04:55',	NULL),
(25,	'Order',	'9717722712',	NULL,	NULL,	'vjhh',	'110093',	1,	1,	1,	1,	1,	'2023-10-18 21:37:00',	'2023-10-18 21:37:00',	NULL),
(26,	'Farmer',	'9717722713',	NULL,	NULL,	' ',	NULL,	NULL,	NULL,	1,	1,	1,	'2023-10-18 22:15:15',	'2023-10-18 22:15:15',	'samrat'),
(27,	'Farmer',	'9902733320',	NULL,	NULL,	' ',	NULL,	NULL,	NULL,	1,	1,	1,	'2023-10-18 22:17:07',	'2023-10-18 22:17:07',	'GK'),
(28,	'Farmer',	'9717722714',	NULL,	NULL,	' ',	NULL,	NULL,	NULL,	1,	1,	1,	'2023-10-18 22:36:37',	'2023-10-18 22:36:37',	'samrat'),
(29,	'Farmer',	'9902733321',	NULL,	NULL,	' ',	NULL,	NULL,	NULL,	1,	1,	1,	'2023-10-18 22:41:29',	'2023-10-18 22:41:29',	'nrk'),
(30,	'Farmer',	'9717722717',	NULL,	NULL,	' ',	NULL,	NULL,	NULL,	1,	1,	1,	'2023-10-18 22:43:44',	'2023-10-18 22:43:44',	'samrat'),
(31,	'Farmer',	'1912371086',	NULL,	NULL,	' ',	NULL,	NULL,	NULL,	1,	2,	1,	'2023-10-18 23:27:34',	'2023-10-18 23:27:34',	'DR. MD TAJUL ISLAM'),
(32,	'Farmer',	'1672838306',	NULL,	NULL,	' ',	NULL,	NULL,	NULL,	1,	2,	1,	'2023-10-19 00:01:40',	'2023-10-19 00:01:40',	'nafiul'),
(33,	'Farmer',	'9164536905',	NULL,	NULL,	' ',	NULL,	NULL,	NULL,	1,	1,	1,	'2023-10-20 00:07:24',	'2023-10-20 00:07:24',	'aaa');

DROP TABLE IF EXISTS `bovines`;
CREATE TABLE `bovines` (
  `id` bigint(20) unsigned NOT NULL AUTO_INCREMENT,
  `type` varchar(100) COLLATE utf8mb4_unicode_ci NOT NULL,
  `breed` varchar(100) COLLATE utf8mb4_unicode_ci DEFAULT NULL,
  `created_at` timestamp NULL DEFAULT NULL,
  `updated_at` timestamp NULL DEFAULT NULL,
  PRIMARY KEY (`id`)
) ENGINE=InnoDB DEFAULT CHARSET=utf8mb4 COLLATE=utf8mb4_unicode_ci;

INSERT INTO `bovines` (`id`, `type`, `breed`, `created_at`, `updated_at`) VALUES
(1,	'Cow',	'Indian',	NULL,	NULL),
(2,	'Buffalow',	'Indian',	NULL,	NULL);

DROP TABLE IF EXISTS `countries`;
CREATE TABLE `countries` (
  `id` bigint(20) unsigned NOT NULL AUTO_INCREMENT,
  `name` varchar(100) COLLATE utf8mb4_unicode_ci NOT NULL,
  `created_at` timestamp NULL DEFAULT NULL,
  `updated_at` timestamp NULL DEFAULT NULL,
  PRIMARY KEY (`id`)
) ENGINE=InnoDB DEFAULT CHARSET=utf8mb4 COLLATE=utf8mb4_unicode_ci;

INSERT INTO `countries` (`id`, `name`, `created_at`, `updated_at`) VALUES
(1,	'India',	NULL,	NULL);

DROP TABLE IF EXISTS `districts`;
CREATE TABLE `districts` (
  `id` bigint(20) unsigned NOT NULL AUTO_INCREMENT,
  `name` varchar(100) COLLATE utf8mb4_unicode_ci NOT NULL,
  `state_id` bigint(20) unsigned NOT NULL,
  `created_at` timestamp NULL DEFAULT NULL,
  `updated_at` timestamp NULL DEFAULT NULL,
  PRIMARY KEY (`id`),
  KEY `districts_state_id_foreign` (`state_id`),
  CONSTRAINT `districts_state_id_foreign` FOREIGN KEY (`state_id`) REFERENCES `states` (`id`)
) ENGINE=InnoDB DEFAULT CHARSET=utf8mb4 COLLATE=utf8mb4_unicode_ci;

INSERT INTO `districts` (`id`, `name`, `state_id`, `created_at`, `updated_at`) VALUES
(1,	'Bareli',	1,	NULL,	NULL);

DROP TABLE IF EXISTS `farmer_bovine`;
CREATE TABLE `farmer_bovine` (
  `id` bigint(20) unsigned NOT NULL AUTO_INCREMENT,
  `user_id` bigint(20) unsigned NOT NULL,
  `bovine_id` bigint(20) unsigned NOT NULL,
  `biometric` varchar(100) COLLATE utf8mb4_unicode_ci DEFAULT NULL,
  `bovine_profile` varchar(255) COLLATE utf8mb4_unicode_ci DEFAULT NULL,
  `created_at` timestamp NULL DEFAULT NULL,
  `updated_at` timestamp NULL DEFAULT NULL,
  PRIMARY KEY (`id`),
  KEY `farmer_bovine_user_id_foreign` (`user_id`),
  KEY `farmer_bovine_bovine_id_foreign` (`bovine_id`),
  CONSTRAINT `farmer_bovine_bovine_id_foreign` FOREIGN KEY (`bovine_id`) REFERENCES `bovines` (`id`),
  CONSTRAINT `farmer_bovine_user_id_foreign` FOREIGN KEY (`user_id`) REFERENCES `users` (`id`)
) ENGINE=InnoDB DEFAULT CHARSET=utf8mb4 COLLATE=utf8mb4_unicode_ci;

INSERT INTO `farmer_bovine` (`id`, `user_id`, `bovine_id`, `biometric`, `bovine_profile`, `created_at`, `updated_at`) VALUES
(1,	7,	1,	'78787',	'{\"count\":\"1\",\"herdInfo\":\"indian\",\"feed\":\"organic\"}',	'2023-08-13 08:11:08',	'2023-08-13 08:11:08');

DROP TABLE IF EXISTS `migrations`;
CREATE TABLE `migrations` (
  `id` int(10) unsigned NOT NULL AUTO_INCREMENT,
  `migration` varchar(255) COLLATE utf8mb4_unicode_ci NOT NULL,
  `batch` int(11) NOT NULL,
  PRIMARY KEY (`id`)
) ENGINE=InnoDB DEFAULT CHARSET=utf8mb4 COLLATE=utf8mb4_unicode_ci;

INSERT INTO `migrations` (`id`, `migration`, `batch`) VALUES
(1,	'2014_10_12_000000_create_users_table',	1),
(2,	'2014_10_12_100000_create_password_resets_table',	1),
(3,	'2023_08_07_140255_create_countries_table',	2),
(4,	'2023_08_07_140523_create_states_table',	2),
(5,	'2023_08_07_140534_create_districts_table',	2),
(6,	'2023_08_07_140549_create_zones_table',	2),
(7,	'2023_08_07_140601_create_villages_table',	3),
(8,	'2023_08_07_140602_create_addresses_table',	3),
(11,	'2023_08_07_140606_create_products_table',	4),
(13,	'2023_08_07_140647_create_bovines_table',	4),
(14,	'2023_08_07_140743_create_farmer_bovine_table',	5),
(15,	'2023_08_07_140948_create_producelog_table',	6),
(16,	'2023_08_07_140949_create_paymentlog_table',	7),
(17,	'2023_10_12_200000_create_profiles_table',	7),
(18,	'2023_08_07_140603_create_orders_table',	8),
(19,	'2023_08_07_140604_create_orderpayments_table',	8),
(20,	'2023_08_07_140607_create_orderitems_table',	8);

DROP TABLE IF EXISTS `nci_categorys`;
CREATE TABLE `nci_categorys` (
  `id` bigint(20) unsigned NOT NULL AUTO_INCREMENT,
  `name` varchar(255) COLLATE utf8mb4_unicode_ci NOT NULL,
  `isvisible` tinyint(1) NOT NULL DEFAULT 1,
  `created_at` timestamp NULL DEFAULT NULL,
  `updated_at` timestamp NULL DEFAULT NULL,
  PRIMARY KEY (`id`)
) ENGINE=InnoDB DEFAULT CHARSET=utf8mb4 COLLATE=utf8mb4_unicode_ci;

INSERT INTO `nci_categorys` (`id`, `name`, `isvisible`, `created_at`, `updated_at`) VALUES
(1,	'GREEN FODDER',	1,	NULL,	NULL),
(2,	'DRY FODDER',	1,	NULL,	NULL),
(3,	'CONCENTRATE',	1,	NULL,	NULL),
(4,	'Others',	1,	NULL,	NULL);

DROP TABLE IF EXISTS `nci_fodders`;
CREATE TABLE `nci_fodders` (
  `id` bigint(20) unsigned NOT NULL AUTO_INCREMENT,
  `name` varchar(255) COLLATE utf8mb4_unicode_ci NOT NULL,
  `category_id` bigint(20) unsigned NOT NULL,
  `subcategory_id` bigint(20) unsigned NOT NULL,
  `image` varchar(255) COLLATE utf8mb4_unicode_ci NOT NULL,
  `isvisible` tinyint(1) NOT NULL DEFAULT 1,
  `created_at` timestamp NULL DEFAULT NULL,
  `updated_at` timestamp NULL DEFAULT NULL,
  PRIMARY KEY (`id`),
  KEY `nci_fodders_category_id_foreign` (`category_id`),
  KEY `nci_fodders_subcategory_id_foreign` (`subcategory_id`),
  CONSTRAINT `nci_fodders_category_id_foreign` FOREIGN KEY (`category_id`) REFERENCES `nci_categorys` (`id`),
  CONSTRAINT `nci_fodders_subcategory_id_foreign` FOREIGN KEY (`subcategory_id`) REFERENCES `nci_subcategorys` (`id`)
) ENGINE=InnoDB DEFAULT CHARSET=utf8mb4 COLLATE=utf8mb4_unicode_ci;

INSERT INTO `nci_fodders` (`id`, `name`, `category_id`, `subcategory_id`, `image`, `isvisible`, `created_at`, `updated_at`) VALUES
(1,	'Barseem',	1,	1,	'https://phplaravel-1085149-3796880.cloudwaysapps.com/image/barseem.jpg',	1,	NULL,	NULL),
(2,	'Lucerne',	1,	1,	'https://phplaravel-1085149-3796880.cloudwaysapps.com/image/lucerne.jpg',	1,	NULL,	NULL),
(3,	'Cowpea',	1,	1,	'https://phplaravel-1085149-3796880.cloudwaysapps.com/image/cowpea.jpg',	1,	NULL,	NULL),
(4,	'Jowar',	1,	2,	'https://phplaravel-1085149-3796880.cloudwaysapps.com/image/jowar.jpg',	1,	NULL,	NULL),
(5,	'Maize',	1,	2,	'https://phplaravel-1085149-3796880.cloudwaysapps.com/image/maize.jpg',	1,	NULL,	NULL),
(6,	'Oat',	1,	2,	'https://phplaravel-1085149-3796880.cloudwaysapps.com/image/oat.jpg',	1,	NULL,	NULL),
(7,	'Napier Grass',	1,	3,	'https://phplaravel-1085149-3796880.cloudwaysapps.com/image/napier_grass.jpg',	1,	NULL,	NULL),
(8,	'Guinea Grass',	1,	3,	'https://phplaravel-1085149-3796880.cloudwaysapps.com/image/guinea_grass.jpg',	1,	NULL,	NULL),
(9,	'Jowar / Maize / Oat Silage',	1,	4,	'https://phplaravel-1085149-3796880.cloudwaysapps.com/image/jowar_maize_oat_silage.jpg',	1,	NULL,	NULL),
(10,	'Barseem Hay',	2,	5,	'https://phplaravel-1085149-3796880.cloudwaysapps.com/image/barseem_hay.jpg',	1,	NULL,	NULL),
(11,	'Lucerne Hay',	2,	5,	'https://phplaravel-1085149-3796880.cloudwaysapps.com/image/lucerne_hay.jpg',	1,	NULL,	NULL),
(12,	'Cowpea Hay',	2,	5,	'https://phplaravel-1085149-3796880.cloudwaysapps.com/image/cowpea_hay.jpg',	1,	NULL,	NULL),
(13,	'Paddy Straw',	2,	6,	'https://phplaravel-1085149-3796880.cloudwaysapps.com/image/paddy_straw.jpg',	1,	NULL,	NULL),
(14,	'Wheat Straw',	2,	6,	'https://phplaravel-1085149-3796880.cloudwaysapps.com/image/wheat_straw.jpg',	1,	NULL,	NULL),
(15,	'Pearl Millet Straw',	2,	6,	'https://phplaravel-1085149-3796880.cloudwaysapps.com/image/pearl_millet_straw.jpg',	1,	NULL,	NULL),
(16,	'Jowar',	3,	7,	'https://phplaravel-1085149-3796880.cloudwaysapps.com/image/jowar_concentrate.jpg',	1,	NULL,	NULL),
(17,	'Maize',	3,	7,	'https://phplaravel-1085149-3796880.cloudwaysapps.com/image/maize_concentrate.jpg',	1,	NULL,	NULL),
(18,	'Barley',	3,	7,	'https://phplaravel-1085149-3796880.cloudwaysapps.com/image/barley_concentrate.jpg',	1,	NULL,	NULL),
(19,	'Wheat',	3,	7,	'https://phplaravel-1085149-3796880.cloudwaysapps.com/image/wheat_concentrate.jpg',	1,	NULL,	NULL),
(20,	'Oat',	3,	7,	'https://phplaravel-1085149-3796880.cloudwaysapps.com/image/oat_concentrate.jpg',	1,	NULL,	NULL),
(21,	'Broken rice',	3,	7,	'https://phplaravel-1085149-3796880.cloudwaysapps.com/image/broen_rice_concentrate.jpg',	1,	NULL,	NULL),
(22,	'Cotton seed',	3,	7,	'https://phplaravel-1085149-3796880.cloudwaysapps.com/image/cotton_seed_concentrate.jpg',	1,	NULL,	NULL),
(23,	'Cotton Seed cake',	3,	8,	'https://phplaravel-1085149-3796880.cloudwaysapps.com/image/cotton_seed_cake_concentrate.png',	1,	NULL,	NULL),
(24,	'Groundnut Cake',	3,	8,	'https://phplaravel-1085149-3796880.cloudwaysapps.com/image/groundnut_cake_concentrate.jpg',	1,	NULL,	NULL),
(25,	'Mustard Cake',	3,	8,	'https://phplaravel-1085149-3796880.cloudwaysapps.com/image/mustard_cake_concentrate.jpg',	1,	NULL,	NULL),
(26,	'Sesame Cake',	3,	8,	'https://phplaravel-1085149-3796880.cloudwaysapps.com/image/sesame_cake_concentrate.jpg',	1,	NULL,	NULL),
(27,	'Dal Chunni',	3,	9,	'https://phplaravel-1085149-3796880.cloudwaysapps.com/image/dal_chunni_concentrate.png',	1,	NULL,	NULL),
(28,	'Rice Bran',	3,	9,	'https://phplaravel-1085149-3796880.cloudwaysapps.com/image/rice_barn_concentrate.jpg',	1,	NULL,	NULL),
(29,	'DORB',	3,	9,	'https://phplaravel-1085149-3796880.cloudwaysapps.com/image/dorb_concentrate.png',	1,	NULL,	NULL),
(30,	'Gram Husk',	3,	9,	'https://phplaravel-1085149-3796880.cloudwaysapps.com/image/gram_husk_concentrate.jpg',	1,	NULL,	NULL),
(31,	'Maize Husk',	3,	9,	'https://phplaravel-1085149-3796880.cloudwaysapps.com/image/maize_husk_concentrate.png',	1,	NULL,	NULL),
(32,	'Wheat Bran',	3,	9,	'https://phplaravel-1085149-3796880.cloudwaysapps.com/image/wheat_barn_concentrate.png',	1,	NULL,	NULL),
(33,	'Salt',	4,	10,	'https://phplaravel-1085149-3796880.cloudwaysapps.com/image/salt.jpg',	1,	NULL,	NULL),
(34,	'Molasses',	4,	10,	'https://phplaravel-1085149-3796880.cloudwaysapps.com/image/molasses.png',	1,	NULL,	NULL),
(35,	'Yeast Powder',	4,	10,	'https://phplaravel-1085149-3796880.cloudwaysapps.com/image/yeast_powder.png',	1,	NULL,	NULL);

DROP TABLE IF EXISTS `nci_nutrichecks`;
CREATE TABLE `nci_nutrichecks` (
  `id` bigint(20) unsigned NOT NULL AUTO_INCREMENT,
  `category_id` bigint(20) unsigned NOT NULL,
  `fodder_id` bigint(20) unsigned NOT NULL,
  `state_id` bigint(20) unsigned NOT NULL,
  `dm` double(10,2) NOT NULL DEFAULT 0.00,
  `dcp` double(10,2) NOT NULL DEFAULT 0.00,
  `tdn` double(10,2) NOT NULL DEFAULT 0.00,
  `ca` double(10,2) NOT NULL DEFAULT 0.00,
  `p` double(10,2) NOT NULL DEFAULT 0.00,
  `cp` double(10,2) NOT NULL DEFAULT 0.00,
  `isdeleted` tinyint(1) NOT NULL DEFAULT 0,
  `created_at` timestamp NULL DEFAULT NULL,
  `updated_at` timestamp NULL DEFAULT NULL,
  PRIMARY KEY (`id`),
  KEY `nci_nutrichecks_category_id_foreign` (`category_id`),
  KEY `nci_nutrichecks_fodder_id_foreign` (`fodder_id`),
  KEY `nci_nutrichecks_state_id_foreign` (`state_id`),
  CONSTRAINT `nci_nutrichecks_category_id_foreign` FOREIGN KEY (`category_id`) REFERENCES `nci_categorys` (`id`),
  CONSTRAINT `nci_nutrichecks_fodder_id_foreign` FOREIGN KEY (`fodder_id`) REFERENCES `nci_fodders` (`id`),
  CONSTRAINT `nci_nutrichecks_state_id_foreign` FOREIGN KEY (`state_id`) REFERENCES `states` (`id`)
) ENGINE=InnoDB DEFAULT CHARSET=utf8mb4 COLLATE=utf8mb4_unicode_ci;

INSERT INTO `nci_nutrichecks` (`id`, `category_id`, `fodder_id`, `state_id`, `dm`, `dcp`, `tdn`, `ca`, `p`, `cp`, `isdeleted`, `created_at`, `updated_at`) VALUES
(1,	1,	1,	2,	15.00,	17.30,	12.80,	62.20,	1.90,	0.28,	0,	NULL,	NULL),
(2,	1,	2,	2,	15.00,	20.20,	16.20,	60.20,	1.24,	0.35,	0,	NULL,	NULL),
(3,	1,	4,	2,	20.00,	12.80,	7.80,	52.00,	0.70,	0.41,	0,	NULL,	NULL),
(4,	1,	5,	2,	20.00,	12.10,	6.00,	65.60,	0.68,	0.21,	0,	NULL,	NULL),
(5,	1,	6,	2,	20.00,	14.60,	10.60,	72.00,	0.48,	0.33,	0,	NULL,	NULL),
(6,	1,	7,	2,	20.00,	11.50,	7.60,	60.00,	0.68,	0.32,	0,	NULL,	NULL),
(7,	1,	8,	2,	20.00,	7.90,	5.80,	65.10,	0.51,	0.00,	0,	NULL,	NULL),
(8,	1,	9,	2,	30.00,	5.90,	2.40,	51.10,	0.46,	0.18,	0,	NULL,	NULL),
(9,	1,	5,	2,	30.00,	7.90,	3.40,	61.10,	0.60,	0.18,	0,	NULL,	NULL),
(10,	1,	6,	2,	30.00,	11.90,	8.80,	62.60,	0.46,	0.35,	0,	NULL,	NULL),
(11,	2,	10,	2,	90.00,	14.70,	10.30,	58.00,	1.48,	0.28,	0,	NULL,	NULL),
(12,	2,	11,	2,	90.00,	21.30,	16.40,	55.90,	1.65,	0.12,	0,	NULL,	NULL),
(13,	2,	12,	2,	90.00,	11.40,	7.50,	55.60,	1.00,	0.23,	0,	NULL,	NULL),
(14,	2,	14,	2,	90.00,	2.40,	0.00,	40.00,	0.30,	0.07,	0,	NULL,	NULL),
(15,	2,	15,	2,	90.00,	3.10,	0.90,	53.40,	0.39,	0.36,	0,	NULL,	NULL),
(16,	3,	16,	2,	90.00,	12.50,	6.10,	85.70,	0.04,	0.31,	0,	NULL,	NULL),
(17,	3,	17,	2,	90.00,	10.60,	7.00,	87.10,	0.07,	0.40,	0,	NULL,	NULL),
(18,	3,	18,	2,	90.00,	11.00,	7.00,	75.00,	0.10,	0.30,	0,	NULL,	NULL),
(19,	3,	19,	2,	90.00,	12.00,	6.50,	89.00,	0.05,	0.43,	0,	NULL,	NULL),
(20,	3,	20,	2,	90.00,	8.80,	4.40,	71.10,	0.12,	0.37,	0,	NULL,	NULL),
(21,	3,	22,	2,	90.00,	19.50,	12.90,	88.80,	0.24,	0.65,	0,	NULL,	NULL),
(22,	3,	23,	2,	90.00,	38.50,	31.60,	86.00,	0.21,	0.61,	0,	NULL,	NULL),
(23,	3,	24,	2,	90.00,	55.30,	49.10,	77.00,	0.25,	0.62,	0,	NULL,	NULL),
(24,	3,	25,	2,	90.00,	38.30,	30.00,	74.00,	0.66,	1.07,	0,	NULL,	NULL),
(25,	3,	26,	2,	90.00,	42.50,	34.00,	70.00,	1.40,	0.76,	0,	NULL,	NULL),
(26,	3,	32,	2,	90.00,	11.50,	8.70,	70.40,	0.14,	1.24,	0,	NULL,	NULL),
(27,	3,	27,	2,	90.00,	15.70,	8.60,	65.50,	0.69,	0.30,	0,	NULL,	NULL),
(28,	3,	30,	2,	90.00,	5.70,	0.00,	61.30,	1.18,	0.05,	0,	NULL,	NULL),
(29,	3,	31,	2,	90.00,	8.10,	4.50,	67.00,	0.31,	0.09,	0,	NULL,	NULL),
(30,	4,	34,	2,	75.00,	4.30,	2.40,	96.00,	0.89,	0.08,	0,	NULL,	NULL),
(31,	1,	1,	1,	15.00,	17.30,	12.80,	62.20,	1.90,	0.28,	0,	NULL,	NULL),
(32,	1,	3,	1,	15.00,	28.10,	20.30,	62.20,	1.43,	0.30,	0,	NULL,	NULL),
(33,	1,	4,	1,	20.00,	12.80,	7.80,	52.00,	0.70,	0.41,	0,	NULL,	NULL),
(34,	1,	5,	1,	20.00,	12.10,	6.00,	65.60,	0.68,	0.21,	0,	NULL,	NULL),
(35,	1,	7,	1,	20.00,	11.50,	7.60,	60.00,	0.68,	0.32,	0,	NULL,	NULL),
(36,	1,	8,	1,	20.00,	7.90,	5.80,	65.10,	0.51,	0.00,	0,	NULL,	NULL),
(37,	1,	9,	1,	30.00,	5.90,	2.40,	51.10,	0.46,	0.18,	0,	NULL,	NULL),
(38,	1,	5,	1,	30.00,	7.90,	3.40,	61.10,	0.60,	0.18,	0,	NULL,	NULL),
(39,	1,	6,	1,	30.00,	11.90,	8.80,	62.60,	0.46,	0.35,	0,	NULL,	NULL),
(40,	2,	10,	1,	90.00,	14.70,	10.30,	58.00,	1.48,	0.28,	0,	NULL,	NULL),
(41,	2,	13,	1,	90.00,	3.80,	0.00,	41.00,	0.36,	0.11,	0,	NULL,	NULL),
(42,	2,	14,	1,	90.00,	2.40,	0.00,	40.00,	0.30,	0.07,	0,	NULL,	NULL),
(43,	2,	15,	1,	90.00,	3.10,	0.90,	53.40,	0.39,	0.36,	0,	NULL,	NULL),
(44,	3,	16,	1,	90.00,	12.50,	6.10,	85.70,	0.04,	0.31,	0,	NULL,	NULL),
(45,	3,	17,	1,	90.00,	10.60,	7.00,	87.10,	0.07,	0.40,	0,	NULL,	NULL),
(46,	3,	18,	1,	90.00,	11.00,	7.00,	75.00,	0.10,	0.30,	0,	NULL,	NULL),
(47,	3,	19,	1,	90.00,	12.00,	6.50,	89.00,	0.05,	0.43,	0,	NULL,	NULL),
(48,	3,	21,	1,	90.00,	7.00,	5.60,	90.60,	0.16,	0.16,	0,	NULL,	NULL),
(49,	3,	24,	1,	90.00,	55.30,	49.10,	77.00,	0.25,	0.62,	0,	NULL,	NULL),
(50,	3,	25,	1,	90.00,	38.30,	30.00,	74.00,	0.66,	1.07,	0,	NULL,	NULL),
(51,	3,	26,	1,	90.00,	42.50,	34.00,	70.00,	1.40,	0.76,	0,	NULL,	NULL),
(52,	3,	32,	1,	90.00,	11.50,	8.70,	70.40,	0.14,	1.24,	0,	NULL,	NULL),
(53,	3,	28,	1,	90.00,	14.00,	9.10,	72.00,	0.16,	2.71,	0,	NULL,	NULL),
(54,	3,	29,	1,	90.00,	13.00,	8.00,	65.00,	0.10,	1.30,	0,	NULL,	NULL),
(55,	3,	27,	1,	90.00,	15.70,	8.60,	65.50,	0.69,	0.30,	0,	NULL,	NULL),
(56,	3,	31,	1,	90.00,	8.10,	4.50,	67.00,	0.31,	0.09,	0,	NULL,	NULL),
(57,	4,	34,	1,	75.00,	4.30,	2.40,	96.00,	0.89,	0.08,	0,	NULL,	NULL);

DROP TABLE IF EXISTS `nci_recommendeds`;
CREATE TABLE `nci_recommendeds` (
  `id` bigint(20) unsigned NOT NULL AUTO_INCREMENT,
  `bovine_type_id` bigint(20) unsigned NOT NULL,
  `state_id` bigint(20) unsigned NOT NULL,
  `ismilking` tinyint(1) NOT NULL DEFAULT 1,
  `milk_yield` double(10,2) NOT NULL DEFAULT 0.00,
  `body_weight` double(10,2) NOT NULL DEFAULT 0.00,
  `fat` double(10,2) NOT NULL DEFAULT 0.00,
  `dm` double(10,2) NOT NULL DEFAULT 0.00,
  `dcp` double(10,2) NOT NULL DEFAULT 0.00,
  `tdn` double(10,2) NOT NULL DEFAULT 0.00,
  `ca` double(10,2) NOT NULL DEFAULT 0.00,
  `p` double(10,2) NOT NULL DEFAULT 0.00,
  `salt` double(10,2) NOT NULL DEFAULT 0.00,
  `yp` double(10,2) NOT NULL DEFAULT 0.00,
  `isdeleted` tinyint(1) NOT NULL DEFAULT 0,
  `created_at` timestamp NULL DEFAULT NULL,
  `updated_at` timestamp NULL DEFAULT NULL,
  PRIMARY KEY (`id`),
  KEY `nci_recommendeds_bovine_type_id_foreign` (`bovine_type_id`),
  KEY `nci_recommendeds_state_id_foreign` (`state_id`),
  CONSTRAINT `nci_recommendeds_bovine_type_id_foreign` FOREIGN KEY (`bovine_type_id`) REFERENCES `bovines` (`id`),
  CONSTRAINT `nci_recommendeds_state_id_foreign` FOREIGN KEY (`state_id`) REFERENCES `states` (`id`)
) ENGINE=InnoDB DEFAULT CHARSET=utf8mb4 COLLATE=utf8mb4_unicode_ci;

INSERT INTO `nci_recommendeds` (`id`, `bovine_type_id`, `state_id`, `ismilking`, `milk_yield`, `body_weight`, `fat`, `dm`, `dcp`, `tdn`, `ca`, `p`, `salt`, `yp`, `isdeleted`, `created_at`, `updated_at`) VALUES
(1,	1,	2,	0,	0.00,	300.00,	0.00,	4.50,	0.20,	2.40,	12.00,	10.00,	1.03,	20.00,	0,	NULL,	NULL),
(2,	1,	2,	0,	0.00,	400.00,	0.00,	5.50,	0.30,	3.00,	17.00,	13.00,	1.26,	20.00,	0,	NULL,	NULL),
(3,	1,	2,	0,	0.00,	400.00,	0.00,	5.50,	0.30,	3.00,	17.00,	13.00,	1.26,	20.00,	0,	NULL,	NULL),
(4,	1,	2,	0,	0.00,	450.00,	0.00,	6.00,	0.30,	3.40,	18.00,	14.00,	1.38,	20.00,	0,	NULL,	NULL),
(5,	1,	2,	0,	0.00,	500.00,	0.00,	6.50,	0.30,	3.70,	20.00,	15.00,	1.50,	20.00,	0,	NULL,	NULL),
(6,	1,	2,	0,	0.00,	550.00,	0.00,	7.00,	0.30,	4.00,	21.00,	16.00,	1.61,	20.00,	0,	NULL,	NULL),
(7,	1,	2,	0,	0.00,	600.00,	0.00,	7.50,	0.40,	4.20,	22.00,	17.00,	1.73,	20.00,	0,	NULL,	NULL),
(8,	1,	2,	1,	1.00,	300.00,	4.00,	6.00,	0.20,	2.70,	14.70,	12.00,	1.38,	20.00,	0,	NULL,	NULL),
(9,	1,	2,	1,	2.00,	300.00,	4.00,	6.00,	0.30,	3.00,	17.40,	14.00,	1.38,	20.00,	0,	NULL,	NULL),
(10,	1,	2,	1,	3.00,	300.00,	4.00,	6.00,	0.30,	3.30,	20.10,	16.00,	1.38,	20.00,	0,	NULL,	NULL),
(11,	1,	2,	1,	4.00,	300.00,	4.00,	6.00,	0.40,	3.70,	22.80,	18.00,	1.38,	20.00,	0,	NULL,	NULL),
(12,	1,	2,	1,	5.00,	300.00,	4.00,	6.00,	0.40,	4.00,	25.50,	20.00,	1.38,	20.00,	0,	NULL,	NULL),
(13,	1,	2,	1,	6.00,	300.00,	4.00,	7.50,	0.50,	4.30,	28.20,	22.00,	1.73,	20.00,	0,	NULL,	NULL),
(14,	1,	2,	1,	7.00,	300.00,	4.00,	7.50,	0.50,	4.60,	30.90,	24.00,	1.73,	20.00,	0,	NULL,	NULL),
(15,	1,	2,	1,	8.00,	300.00,	4.00,	7.50,	0.60,	4.90,	33.60,	26.00,	1.73,	20.00,	0,	NULL,	NULL),
(16,	1,	2,	1,	9.00,	300.00,	4.00,	7.50,	0.60,	5.20,	36.30,	28.00,	1.73,	20.00,	0,	NULL,	NULL),
(17,	1,	2,	1,	10.00,	300.00,	4.00,	7.50,	0.70,	5.60,	39.00,	30.00,	1.73,	20.00,	0,	NULL,	NULL),
(18,	1,	2,	1,	11.00,	300.00,	4.00,	9.00,	0.70,	5.90,	41.70,	32.00,	2.07,	20.00,	0,	NULL,	NULL),
(19,	1,	2,	1,	12.00,	300.00,	4.00,	9.00,	0.70,	6.20,	44.40,	34.00,	2.07,	20.00,	0,	NULL,	NULL),
(20,	1,	2,	1,	13.00,	300.00,	4.00,	9.00,	0.80,	6.50,	47.10,	36.00,	2.07,	20.00,	0,	NULL,	NULL),
(21,	1,	2,	1,	14.00,	300.00,	4.00,	9.00,	0.80,	6.80,	49.80,	38.00,	2.07,	20.00,	0,	NULL,	NULL),
(22,	1,	2,	1,	15.00,	300.00,	4.00,	9.00,	0.90,	7.10,	52.50,	40.00,	2.07,	20.00,	0,	NULL,	NULL),
(23,	1,	2,	1,	16.00,	300.00,	4.00,	10.50,	0.90,	7.40,	55.20,	42.00,	2.42,	20.00,	0,	NULL,	NULL),
(24,	1,	2,	1,	17.00,	300.00,	4.00,	10.50,	1.00,	7.80,	57.90,	44.00,	2.42,	20.00,	0,	NULL,	NULL),
(25,	1,	2,	1,	18.00,	300.00,	4.00,	10.50,	1.00,	8.10,	60.60,	46.00,	2.42,	20.00,	0,	NULL,	NULL),
(26,	1,	2,	1,	19.00,	300.00,	4.00,	10.50,	1.10,	8.40,	63.30,	48.00,	2.42,	20.00,	0,	NULL,	NULL),
(27,	1,	2,	1,	20.00,	300.00,	4.00,	10.50,	1.10,	8.70,	66.00,	50.00,	2.42,	20.00,	0,	NULL,	NULL),
(28,	1,	2,	1,	1.00,	350.00,	4.00,	6.00,	0.30,	3.00,	16.70,	13.00,	1.38,	20.00,	0,	NULL,	NULL),
(29,	1,	2,	1,	2.00,	350.00,	4.00,	6.00,	0.30,	3.30,	19.40,	15.00,	1.38,	20.00,	0,	NULL,	NULL),
(30,	1,	2,	1,	3.00,	350.00,	4.00,	6.00,	0.40,	3.60,	22.10,	17.00,	1.38,	20.00,	0,	NULL,	NULL),
(31,	1,	2,	1,	4.00,	350.00,	4.00,	6.00,	0.40,	4.00,	24.80,	19.00,	1.38,	20.00,	0,	NULL,	NULL),
(32,	1,	2,	1,	5.00,	350.00,	4.00,	6.00,	0.50,	4.30,	27.50,	21.00,	1.38,	20.00,	0,	NULL,	NULL),
(33,	1,	2,	1,	6.00,	350.00,	4.00,	7.50,	0.50,	4.60,	30.20,	23.00,	1.73,	20.00,	0,	NULL,	NULL),
(34,	1,	2,	1,	7.00,	350.00,	4.00,	7.50,	0.50,	4.90,	32.90,	25.00,	1.73,	20.00,	0,	NULL,	NULL),
(35,	1,	2,	1,	8.00,	350.00,	4.00,	7.50,	0.60,	5.20,	35.60,	27.00,	1.73,	20.00,	0,	NULL,	NULL),
(36,	1,	2,	1,	9.00,	350.00,	4.00,	7.50,	0.60,	3.10,	24.50,	18.20,	1.73,	20.00,	0,	NULL,	NULL),
(37,	1,	2,	1,	10.00,	350.00,	4.00,	7.50,	0.70,	3.40,	27.20,	20.20,	1.73,	20.00,	0,	NULL,	NULL),
(38,	1,	2,	1,	11.00,	350.00,	4.00,	9.00,	0.70,	6.20,	43.70,	33.00,	2.07,	20.00,	0,	NULL,	NULL),
(39,	1,	2,	1,	12.00,	350.00,	4.00,	9.00,	0.80,	6.50,	46.40,	35.00,	2.07,	20.00,	0,	NULL,	NULL),
(40,	1,	2,	1,	13.00,	350.00,	4.00,	9.00,	0.80,	6.80,	49.10,	37.00,	2.07,	20.00,	0,	NULL,	NULL),
(41,	1,	2,	1,	14.00,	350.00,	4.00,	9.00,	0.90,	7.10,	51.80,	39.00,	2.07,	20.00,	0,	NULL,	NULL),
(42,	1,	2,	1,	15.00,	350.00,	4.00,	9.00,	0.90,	7.40,	54.50,	41.00,	2.07,	20.00,	0,	NULL,	NULL),
(43,	1,	2,	1,	16.00,	350.00,	4.00,	10.50,	1.00,	7.70,	57.20,	43.00,	2.42,	20.00,	0,	NULL,	NULL),
(44,	1,	2,	1,	17.00,	350.00,	4.00,	10.50,	1.00,	8.10,	59.90,	45.00,	2.42,	20.00,	0,	NULL,	NULL),
(45,	1,	2,	1,	18.00,	350.00,	4.00,	10.50,	1.00,	8.40,	62.60,	47.00,	2.42,	20.00,	0,	NULL,	NULL),
(46,	1,	2,	1,	19.00,	350.00,	4.00,	10.50,	1.10,	8.70,	65.30,	49.00,	2.42,	20.00,	0,	NULL,	NULL),
(47,	1,	2,	1,	20.00,	350.00,	4.00,	10.50,	1.10,	9.00,	68.00,	51.00,	2.42,	20.00,	0,	NULL,	NULL),
(48,	1,	2,	1,	1.00,	400.00,	4.00,	8.00,	0.30,	3.30,	19.70,	15.00,	1.84,	20.00,	0,	NULL,	NULL),
(49,	1,	2,	1,	2.00,	400.00,	4.00,	8.00,	0.30,	3.60,	22.40,	17.00,	1.84,	20.00,	0,	NULL,	NULL),
(50,	1,	2,	1,	3.00,	400.00,	4.00,	8.00,	0.40,	3.90,	25.10,	19.00,	1.84,	20.00,	0,	NULL,	NULL),
(51,	1,	2,	1,	4.00,	400.00,	4.00,	8.00,	0.40,	4.30,	27.80,	21.00,	1.84,	20.00,	0,	NULL,	NULL),
(52,	1,	2,	1,	5.00,	400.00,	4.00,	8.00,	0.50,	4.60,	30.50,	23.00,	1.84,	20.00,	0,	NULL,	NULL),
(53,	1,	2,	1,	6.00,	400.00,	4.00,	10.00,	0.50,	4.90,	33.20,	25.00,	2.30,	20.00,	0,	NULL,	NULL),
(54,	1,	2,	1,	7.00,	400.00,	4.00,	10.00,	0.60,	5.20,	35.90,	27.00,	2.30,	20.00,	0,	NULL,	NULL),
(55,	1,	2,	1,	8.00,	400.00,	4.00,	10.00,	0.60,	5.50,	38.60,	29.00,	2.30,	20.00,	0,	NULL,	NULL),
(56,	1,	2,	1,	9.00,	400.00,	4.00,	10.00,	0.70,	5.80,	41.30,	31.00,	2.30,	20.00,	0,	NULL,	NULL),
(57,	1,	2,	1,	10.00,	400.00,	4.00,	10.00,	0.70,	6.20,	44.00,	33.00,	2.30,	20.00,	0,	NULL,	NULL),
(58,	1,	2,	1,	11.00,	400.00,	4.00,	12.00,	0.70,	6.50,	46.70,	35.00,	2.76,	20.00,	0,	NULL,	NULL),
(59,	1,	2,	1,	12.00,	400.00,	4.00,	12.00,	0.80,	6.80,	49.40,	37.00,	2.76,	20.00,	0,	NULL,	NULL),
(60,	1,	2,	1,	13.00,	400.00,	4.00,	12.00,	0.80,	7.10,	52.10,	39.00,	2.76,	20.00,	0,	NULL,	NULL),
(61,	1,	2,	1,	14.00,	400.00,	4.00,	12.00,	0.90,	7.40,	54.80,	41.00,	2.76,	20.00,	0,	NULL,	NULL),
(62,	1,	2,	1,	15.00,	400.00,	4.00,	12.00,	0.90,	7.70,	57.50,	43.00,	2.76,	20.00,	0,	NULL,	NULL),
(63,	1,	2,	1,	16.00,	400.00,	4.00,	14.00,	1.00,	8.00,	60.20,	45.00,	3.22,	20.00,	0,	NULL,	NULL),
(64,	1,	2,	1,	17.00,	400.00,	4.00,	14.00,	1.00,	8.40,	62.90,	47.00,	3.22,	20.00,	0,	NULL,	NULL),
(65,	1,	2,	1,	18.00,	400.00,	4.00,	14.00,	1.10,	8.70,	65.60,	49.00,	3.22,	20.00,	0,	NULL,	NULL),
(66,	1,	2,	1,	19.00,	400.00,	4.00,	14.00,	1.10,	9.00,	68.30,	51.00,	3.22,	20.00,	0,	NULL,	NULL),
(67,	1,	2,	1,	20.00,	400.00,	4.00,	14.00,	1.20,	9.30,	71.00,	53.00,	3.22,	20.00,	0,	NULL,	NULL),
(68,	1,	2,	1,	1.00,	450.00,	4.00,	8.00,	0.30,	3.70,	20.70,	16.00,	1.84,	20.00,	0,	NULL,	NULL),
(69,	1,	2,	1,	2.00,	450.00,	4.00,	8.00,	0.40,	4.00,	23.40,	18.00,	1.84,	20.00,	0,	NULL,	NULL),
(70,	1,	2,	1,	3.00,	450.00,	4.00,	8.00,	0.40,	4.30,	26.10,	20.00,	1.84,	20.00,	0,	NULL,	NULL),
(71,	1,	2,	1,	4.00,	450.00,	4.00,	8.00,	0.50,	4.70,	28.80,	22.00,	1.84,	20.00,	0,	NULL,	NULL),
(72,	1,	2,	1,	5.00,	450.00,	4.00,	8.00,	0.50,	5.00,	31.50,	24.00,	1.84,	20.00,	0,	NULL,	NULL),
(73,	1,	2,	1,	6.00,	450.00,	4.00,	10.00,	0.60,	5.30,	34.20,	26.00,	2.30,	20.00,	0,	NULL,	NULL),
(74,	1,	2,	1,	7.00,	450.00,	4.00,	10.00,	0.60,	5.60,	36.90,	28.00,	2.30,	20.00,	0,	NULL,	NULL),
(75,	1,	2,	1,	8.00,	450.00,	4.00,	10.00,	0.60,	5.90,	39.60,	30.00,	2.30,	20.00,	0,	NULL,	NULL),
(76,	1,	2,	1,	9.00,	450.00,	4.00,	10.00,	0.70,	6.20,	42.30,	32.00,	2.30,	20.00,	0,	NULL,	NULL),
(77,	1,	2,	1,	10.00,	450.00,	4.00,	10.00,	0.70,	6.60,	45.00,	34.00,	2.30,	20.00,	0,	NULL,	NULL),
(78,	1,	2,	1,	11.00,	450.00,	4.00,	12.00,	0.80,	6.90,	47.70,	36.00,	2.76,	20.00,	0,	NULL,	NULL),
(79,	1,	2,	1,	12.00,	450.00,	4.00,	12.00,	0.80,	7.20,	50.40,	38.00,	2.76,	20.00,	0,	NULL,	NULL),
(80,	1,	2,	1,	13.00,	450.00,	4.00,	12.00,	0.90,	7.50,	53.10,	40.00,	2.76,	20.00,	0,	NULL,	NULL),
(81,	1,	2,	1,	14.00,	450.00,	4.00,	12.00,	0.90,	7.80,	55.80,	42.00,	2.76,	20.00,	0,	NULL,	NULL),
(82,	1,	2,	1,	15.00,	450.00,	4.00,	12.00,	1.00,	8.10,	58.50,	44.00,	2.76,	20.00,	0,	NULL,	NULL),
(83,	1,	2,	1,	16.00,	450.00,	4.00,	14.00,	1.00,	8.40,	61.20,	46.00,	3.22,	20.00,	0,	NULL,	NULL),
(84,	1,	2,	1,	17.00,	450.00,	4.00,	14.00,	1.00,	8.80,	63.90,	48.00,	3.22,	20.00,	0,	NULL,	NULL),
(85,	1,	2,	1,	18.00,	450.00,	4.00,	14.00,	1.10,	9.10,	66.60,	50.00,	3.22,	20.00,	0,	NULL,	NULL),
(86,	1,	2,	1,	19.00,	450.00,	4.00,	14.00,	1.10,	9.40,	69.30,	52.00,	3.22,	20.00,	0,	NULL,	NULL),
(87,	1,	2,	1,	20.00,	450.00,	4.00,	14.00,	1.20,	9.70,	72.00,	54.00,	3.22,	20.00,	0,	NULL,	NULL),
(88,	1,	2,	1,	1.00,	500.00,	4.00,	10.00,	0.30,	4.00,	22.70,	17.00,	2.30,	20.00,	0,	NULL,	NULL),
(89,	1,	2,	1,	2.00,	500.00,	4.00,	10.00,	0.40,	4.30,	25.40,	19.00,	2.30,	20.00,	0,	NULL,	NULL),
(90,	1,	2,	1,	3.00,	500.00,	4.00,	10.00,	0.40,	4.60,	28.10,	21.00,	2.30,	20.00,	0,	NULL,	NULL),
(91,	1,	2,	1,	4.00,	500.00,	4.00,	10.00,	0.50,	5.00,	30.80,	23.00,	2.30,	20.00,	0,	NULL,	NULL),
(92,	1,	2,	1,	5.00,	500.00,	4.00,	10.00,	0.50,	5.30,	33.50,	25.00,	2.30,	20.00,	0,	NULL,	NULL),
(93,	1,	2,	1,	6.00,	500.00,	4.00,	12.50,	0.60,	5.60,	36.20,	27.00,	2.88,	20.00,	0,	NULL,	NULL),
(94,	1,	2,	1,	7.00,	500.00,	4.00,	12.50,	0.60,	5.90,	38.90,	29.00,	2.88,	20.00,	0,	NULL,	NULL),
(95,	1,	2,	1,	8.00,	500.00,	4.00,	12.50,	0.70,	6.20,	41.60,	31.00,	2.88,	20.00,	0,	NULL,	NULL),
(96,	1,	2,	1,	9.00,	500.00,	4.00,	12.50,	0.70,	6.50,	44.30,	33.00,	2.88,	20.00,	0,	NULL,	NULL),
(97,	1,	2,	1,	10.00,	500.00,	4.00,	12.50,	0.80,	6.90,	47.00,	35.00,	2.88,	20.00,	0,	NULL,	NULL),
(98,	1,	2,	1,	11.00,	500.00,	4.00,	15.00,	0.80,	7.20,	49.70,	37.00,	3.45,	20.00,	0,	NULL,	NULL),
(99,	1,	2,	1,	12.00,	500.00,	4.00,	15.00,	0.80,	7.50,	52.40,	39.00,	3.45,	20.00,	0,	NULL,	NULL),
(100,	1,	2,	1,	13.00,	500.00,	4.00,	15.00,	0.90,	7.80,	55.10,	41.00,	3.45,	20.00,	0,	NULL,	NULL),
(101,	1,	2,	1,	14.00,	500.00,	4.00,	15.00,	0.90,	8.10,	57.80,	43.00,	3.45,	20.00,	0,	NULL,	NULL),
(102,	1,	2,	1,	15.00,	500.00,	4.00,	15.00,	1.00,	8.40,	60.50,	45.00,	3.45,	20.00,	0,	NULL,	NULL),
(103,	1,	2,	1,	16.00,	500.00,	4.00,	17.50,	1.00,	8.70,	63.20,	47.00,	4.03,	20.00,	0,	NULL,	NULL),
(104,	1,	2,	1,	17.00,	500.00,	4.00,	17.50,	1.10,	9.10,	65.90,	49.00,	4.03,	20.00,	0,	NULL,	NULL),
(105,	1,	2,	1,	18.00,	500.00,	4.00,	17.50,	1.10,	9.40,	68.60,	51.00,	4.03,	20.00,	0,	NULL,	NULL),
(106,	1,	2,	1,	19.00,	500.00,	4.00,	17.50,	1.20,	9.70,	71.30,	53.00,	4.03,	20.00,	0,	NULL,	NULL),
(107,	1,	2,	1,	20.00,	500.00,	4.00,	17.50,	1.20,	10.00,	74.00,	55.00,	4.03,	20.00,	0,	NULL,	NULL),
(108,	1,	2,	1,	1.00,	550.00,	4.00,	10.00,	0.40,	4.30,	23.70,	18.00,	2.30,	20.00,	0,	NULL,	NULL),
(109,	1,	2,	1,	2.00,	550.00,	4.00,	10.00,	0.40,	4.60,	26.40,	20.00,	2.30,	20.00,	0,	NULL,	NULL),
(110,	1,	2,	1,	3.00,	550.00,	4.00,	10.00,	0.50,	4.90,	29.10,	22.00,	2.30,	20.00,	0,	NULL,	NULL),
(111,	1,	2,	1,	4.00,	550.00,	4.00,	10.00,	0.50,	5.30,	31.80,	24.00,	2.30,	20.00,	0,	NULL,	NULL),
(112,	1,	2,	1,	5.00,	550.00,	4.00,	10.00,	0.60,	5.60,	34.50,	26.00,	2.30,	20.00,	0,	NULL,	NULL),
(113,	1,	2,	1,	6.00,	550.00,	4.00,	12.50,	0.60,	5.90,	37.20,	28.00,	2.88,	20.00,	0,	NULL,	NULL),
(114,	1,	2,	1,	7.00,	550.00,	4.00,	12.50,	0.60,	6.20,	39.90,	30.00,	2.88,	20.00,	0,	NULL,	NULL),
(115,	1,	2,	1,	8.00,	550.00,	4.00,	12.50,	0.70,	6.50,	42.60,	32.00,	2.88,	20.00,	0,	NULL,	NULL),
(116,	1,	2,	1,	9.00,	550.00,	4.00,	12.50,	0.70,	6.80,	45.30,	34.00,	2.88,	20.00,	0,	NULL,	NULL),
(117,	1,	2,	1,	10.00,	550.00,	4.00,	12.50,	0.80,	7.20,	48.00,	36.00,	2.88,	20.00,	0,	NULL,	NULL),
(118,	1,	2,	1,	11.00,	550.00,	4.00,	15.00,	0.80,	7.50,	50.70,	38.00,	3.45,	20.00,	0,	NULL,	NULL),
(119,	1,	2,	1,	12.00,	550.00,	4.00,	15.00,	0.90,	7.80,	53.40,	40.00,	3.45,	20.00,	0,	NULL,	NULL),
(120,	1,	2,	1,	13.00,	550.00,	4.00,	15.00,	0.90,	8.10,	56.10,	42.00,	3.45,	20.00,	0,	NULL,	NULL),
(121,	1,	2,	1,	14.00,	550.00,	4.00,	15.00,	1.00,	8.40,	58.80,	44.00,	3.45,	20.00,	0,	NULL,	NULL),
(122,	1,	2,	1,	15.00,	550.00,	4.00,	15.00,	1.00,	8.70,	61.50,	46.00,	3.45,	20.00,	0,	NULL,	NULL),
(123,	1,	2,	1,	16.00,	550.00,	4.00,	17.50,	1.10,	9.00,	64.20,	48.00,	4.03,	20.00,	0,	NULL,	NULL),
(124,	1,	2,	1,	17.00,	550.00,	4.00,	17.50,	1.10,	9.40,	66.90,	50.00,	4.03,	20.00,	0,	NULL,	NULL),
(125,	1,	2,	1,	18.00,	550.00,	4.00,	17.50,	1.10,	9.70,	69.60,	52.00,	4.03,	20.00,	0,	NULL,	NULL),
(126,	1,	2,	1,	19.00,	550.00,	4.00,	17.50,	1.20,	10.00,	72.30,	54.00,	4.03,	20.00,	0,	NULL,	NULL),
(127,	1,	2,	1,	20.00,	550.00,	4.00,	17.50,	1.20,	10.30,	75.00,	56.00,	4.03,	20.00,	0,	NULL,	NULL),
(128,	1,	2,	1,	1.00,	600.00,	4.00,	12.00,	0.40,	4.50,	24.70,	19.00,	2.76,	20.00,	0,	NULL,	NULL),
(129,	1,	2,	1,	2.00,	600.00,	4.00,	12.00,	0.40,	4.80,	27.40,	21.00,	2.76,	20.00,	0,	NULL,	NULL),
(130,	1,	2,	1,	3.00,	600.00,	4.00,	12.00,	0.50,	5.10,	30.10,	23.00,	2.76,	20.00,	0,	NULL,	NULL),
(131,	1,	2,	1,	4.00,	600.00,	4.00,	12.00,	0.50,	5.50,	32.80,	25.00,	2.76,	20.00,	0,	NULL,	NULL),
(132,	1,	2,	1,	5.00,	600.00,	4.00,	12.00,	0.60,	5.80,	35.50,	27.00,	2.76,	20.00,	0,	NULL,	NULL),
(133,	1,	2,	1,	6.00,	600.00,	4.00,	15.00,	0.60,	6.10,	38.20,	29.00,	3.45,	20.00,	0,	NULL,	NULL),
(134,	1,	2,	1,	7.00,	600.00,	4.00,	15.00,	0.70,	6.40,	40.90,	31.00,	3.45,	20.00,	0,	NULL,	NULL),
(135,	1,	2,	1,	8.00,	600.00,	4.00,	15.00,	0.70,	6.70,	43.60,	33.00,	3.45,	20.00,	0,	NULL,	NULL),
(136,	1,	2,	1,	9.00,	600.00,	4.00,	15.00,	0.80,	7.00,	46.30,	35.00,	3.45,	20.00,	0,	NULL,	NULL),
(137,	1,	2,	1,	10.00,	600.00,	4.00,	15.00,	0.80,	7.40,	49.00,	37.00,	3.45,	20.00,	0,	NULL,	NULL),
(138,	1,	2,	1,	11.00,	600.00,	4.00,	18.00,	0.80,	7.70,	51.70,	39.00,	4.14,	20.00,	0,	NULL,	NULL),
(139,	1,	2,	1,	12.00,	600.00,	4.00,	18.00,	0.90,	8.00,	54.40,	41.00,	4.14,	20.00,	0,	NULL,	NULL),
(140,	1,	2,	1,	13.00,	600.00,	4.00,	18.00,	0.90,	8.30,	57.10,	43.00,	4.14,	20.00,	0,	NULL,	NULL),
(141,	1,	2,	1,	14.00,	600.00,	4.00,	18.00,	1.00,	8.60,	59.80,	45.00,	4.14,	20.00,	0,	NULL,	NULL),
(142,	1,	2,	1,	15.00,	600.00,	4.00,	18.00,	1.00,	8.90,	62.50,	47.00,	4.14,	20.00,	0,	NULL,	NULL),
(143,	1,	2,	1,	16.00,	600.00,	4.00,	21.00,	1.10,	9.20,	65.20,	49.00,	4.83,	20.00,	0,	NULL,	NULL),
(144,	1,	2,	1,	17.00,	600.00,	4.00,	21.00,	1.10,	9.60,	67.90,	51.00,	4.83,	20.00,	0,	NULL,	NULL),
(145,	1,	2,	1,	18.00,	600.00,	4.00,	21.00,	1.20,	9.90,	70.60,	53.00,	4.83,	20.00,	0,	NULL,	NULL),
(146,	1,	2,	1,	19.00,	600.00,	4.00,	21.00,	1.20,	10.20,	73.30,	55.00,	4.83,	20.00,	0,	NULL,	NULL),
(147,	1,	2,	1,	20.00,	600.00,	4.00,	21.00,	1.30,	10.50,	76.00,	57.00,	4.83,	20.00,	0,	NULL,	NULL),
(148,	1,	1,	0,	0.00,	300.00,	4.00,	4.50,	0.20,	2.40,	12.00,	10.00,	1.03,	20.00,	0,	NULL,	NULL),
(149,	1,	1,	0,	0.00,	350.00,	4.00,	5.00,	0.20,	2.70,	14.00,	11.00,	1.15,	20.00,	0,	NULL,	NULL),
(150,	1,	1,	0,	0.00,	400.00,	4.00,	5.50,	0.30,	3.00,	17.00,	13.00,	1.26,	20.00,	0,	NULL,	NULL),
(151,	1,	1,	0,	0.00,	450.00,	4.00,	6.00,	0.30,	3.40,	18.00,	14.00,	1.38,	20.00,	0,	NULL,	NULL),
(152,	1,	1,	0,	0.00,	500.00,	4.00,	6.50,	0.30,	3.70,	20.00,	15.00,	1.50,	20.00,	0,	NULL,	NULL),
(153,	1,	1,	0,	0.00,	550.00,	4.00,	7.00,	0.30,	4.00,	21.00,	16.00,	1.61,	20.00,	0,	NULL,	NULL),
(154,	1,	1,	0,	0.00,	600.00,	4.00,	7.50,	0.40,	4.20,	22.00,	17.00,	1.73,	20.00,	0,	NULL,	NULL),
(155,	1,	1,	1,	1.00,	300.00,	4.00,	6.00,	0.20,	2.70,	14.70,	12.00,	1.38,	20.00,	0,	NULL,	NULL),
(156,	1,	1,	1,	2.00,	300.00,	4.00,	6.00,	0.30,	3.00,	17.40,	14.00,	1.38,	20.00,	0,	NULL,	NULL),
(157,	1,	1,	1,	3.00,	300.00,	4.00,	6.00,	0.30,	3.30,	20.10,	16.00,	1.38,	20.00,	0,	NULL,	NULL),
(158,	1,	1,	1,	4.00,	300.00,	4.00,	6.00,	0.40,	3.70,	22.80,	18.00,	1.38,	20.00,	0,	NULL,	NULL),
(159,	1,	1,	1,	5.00,	300.00,	4.00,	6.00,	0.40,	4.00,	25.50,	20.00,	1.38,	20.00,	0,	NULL,	NULL),
(160,	1,	1,	1,	6.00,	300.00,	4.00,	7.50,	0.50,	4.30,	28.20,	22.00,	1.73,	20.00,	0,	NULL,	NULL),
(161,	1,	1,	1,	7.00,	300.00,	4.00,	7.50,	0.50,	4.60,	30.90,	24.00,	1.73,	20.00,	0,	NULL,	NULL),
(162,	1,	1,	1,	8.00,	300.00,	4.00,	7.50,	0.60,	4.90,	33.60,	26.00,	1.73,	20.00,	0,	NULL,	NULL),
(163,	1,	1,	1,	9.00,	300.00,	4.00,	7.50,	0.60,	5.20,	36.30,	28.00,	1.73,	20.00,	0,	NULL,	NULL),
(164,	1,	1,	1,	10.00,	300.00,	4.00,	7.50,	0.70,	5.60,	39.00,	30.00,	1.73,	20.00,	0,	NULL,	NULL),
(165,	1,	1,	1,	11.00,	300.00,	4.00,	9.00,	0.70,	5.90,	41.70,	32.00,	2.07,	20.00,	0,	NULL,	NULL),
(166,	1,	1,	1,	12.00,	300.00,	4.00,	9.00,	0.70,	6.20,	44.40,	34.00,	2.07,	20.00,	0,	NULL,	NULL),
(167,	1,	1,	1,	13.00,	300.00,	4.00,	9.00,	0.80,	6.50,	47.10,	36.00,	2.07,	20.00,	0,	NULL,	NULL),
(168,	1,	1,	1,	14.00,	300.00,	4.00,	9.00,	0.80,	6.80,	49.80,	38.00,	2.07,	20.00,	0,	NULL,	NULL),
(169,	1,	1,	1,	15.00,	300.00,	4.00,	9.00,	0.90,	7.10,	52.50,	40.00,	2.07,	20.00,	0,	NULL,	NULL),
(170,	1,	1,	1,	16.00,	300.00,	4.00,	10.50,	0.90,	7.40,	55.20,	42.00,	2.42,	20.00,	0,	NULL,	NULL),
(171,	1,	1,	1,	17.00,	300.00,	4.00,	10.50,	1.00,	7.80,	57.90,	44.00,	2.42,	20.00,	0,	NULL,	NULL),
(172,	1,	1,	1,	18.00,	300.00,	4.00,	10.50,	1.00,	8.10,	60.60,	46.00,	2.42,	20.00,	0,	NULL,	NULL),
(173,	1,	1,	1,	19.00,	300.00,	4.00,	10.50,	1.10,	8.40,	63.30,	48.00,	2.42,	20.00,	0,	NULL,	NULL),
(174,	1,	1,	1,	20.00,	300.00,	4.00,	10.50,	1.10,	8.70,	66.00,	50.00,	2.42,	20.00,	0,	NULL,	NULL),
(175,	1,	1,	1,	1.00,	350.00,	4.00,	6.00,	0.30,	3.00,	16.70,	13.00,	1.38,	20.00,	0,	NULL,	NULL),
(176,	1,	1,	1,	2.00,	350.00,	4.00,	6.00,	0.30,	3.30,	19.40,	15.00,	1.38,	20.00,	0,	NULL,	NULL),
(177,	1,	1,	1,	3.00,	350.00,	4.00,	6.00,	0.40,	3.60,	22.10,	17.00,	1.38,	20.00,	0,	NULL,	NULL),
(178,	1,	1,	1,	4.00,	350.00,	4.00,	6.00,	0.40,	4.00,	24.80,	19.00,	1.38,	20.00,	0,	NULL,	NULL),
(179,	1,	1,	1,	5.00,	350.00,	4.00,	6.00,	0.50,	4.30,	27.50,	21.00,	1.38,	20.00,	0,	NULL,	NULL),
(180,	1,	1,	1,	6.00,	350.00,	4.00,	7.50,	0.50,	4.60,	30.20,	23.00,	1.73,	20.00,	0,	NULL,	NULL),
(181,	1,	1,	1,	7.00,	350.00,	4.00,	7.50,	0.50,	4.90,	32.90,	25.00,	1.73,	20.00,	0,	NULL,	NULL),
(182,	1,	1,	1,	8.00,	350.00,	4.00,	7.50,	0.60,	5.20,	35.60,	27.00,	1.73,	20.00,	0,	NULL,	NULL),
(183,	1,	1,	1,	9.00,	350.00,	4.00,	7.50,	0.60,	3.10,	24.50,	18.20,	1.73,	20.00,	0,	NULL,	NULL),
(184,	1,	1,	1,	10.00,	350.00,	4.00,	7.50,	0.70,	3.40,	27.20,	20.20,	1.73,	20.00,	0,	NULL,	NULL),
(185,	1,	1,	1,	11.00,	350.00,	4.00,	9.00,	0.70,	6.20,	43.70,	33.00,	2.07,	20.00,	0,	NULL,	NULL),
(186,	1,	1,	1,	12.00,	350.00,	4.00,	9.00,	0.80,	6.50,	46.40,	35.00,	2.07,	20.00,	0,	NULL,	NULL),
(187,	1,	1,	1,	13.00,	350.00,	4.00,	9.00,	0.80,	6.80,	49.10,	37.00,	2.07,	20.00,	0,	NULL,	NULL),
(188,	1,	1,	1,	14.00,	350.00,	4.00,	9.00,	0.90,	7.10,	51.80,	39.00,	2.07,	20.00,	0,	NULL,	NULL),
(189,	1,	1,	1,	15.00,	350.00,	4.00,	9.00,	0.90,	7.40,	54.50,	41.00,	2.07,	20.00,	0,	NULL,	NULL),
(190,	1,	1,	1,	16.00,	350.00,	4.00,	10.50,	1.00,	7.70,	57.20,	43.00,	2.42,	20.00,	0,	NULL,	NULL),
(191,	1,	1,	1,	17.00,	350.00,	4.00,	10.50,	1.00,	8.10,	59.90,	45.00,	2.42,	20.00,	0,	NULL,	NULL),
(192,	1,	1,	1,	18.00,	350.00,	4.00,	10.50,	1.00,	8.40,	62.60,	47.00,	2.42,	20.00,	0,	NULL,	NULL),
(193,	1,	1,	1,	19.00,	350.00,	4.00,	10.50,	1.10,	8.70,	65.30,	49.00,	2.42,	20.00,	0,	NULL,	NULL),
(194,	1,	1,	1,	20.00,	350.00,	4.00,	10.50,	1.10,	9.00,	68.00,	51.00,	2.42,	20.00,	0,	NULL,	NULL),
(195,	1,	1,	1,	1.00,	400.00,	4.00,	8.00,	0.30,	3.30,	19.70,	15.00,	1.84,	20.00,	0,	NULL,	NULL),
(196,	1,	1,	1,	2.00,	400.00,	4.00,	8.00,	0.30,	3.60,	22.40,	17.00,	1.84,	20.00,	0,	NULL,	NULL),
(197,	1,	1,	1,	3.00,	400.00,	4.00,	8.00,	0.40,	3.90,	25.10,	19.00,	1.84,	20.00,	0,	NULL,	NULL),
(198,	1,	1,	1,	4.00,	400.00,	4.00,	8.00,	0.40,	4.30,	27.80,	21.00,	1.84,	20.00,	0,	NULL,	NULL),
(199,	1,	1,	1,	5.00,	400.00,	4.00,	8.00,	0.50,	4.60,	30.50,	23.00,	1.84,	20.00,	0,	NULL,	NULL),
(200,	1,	1,	1,	6.00,	400.00,	4.00,	10.00,	0.50,	4.90,	33.20,	25.00,	2.30,	20.00,	0,	NULL,	NULL),
(201,	1,	1,	1,	7.00,	400.00,	4.00,	10.00,	0.60,	5.20,	35.90,	27.00,	2.30,	20.00,	0,	NULL,	NULL),
(202,	1,	1,	1,	8.00,	400.00,	4.00,	10.00,	0.60,	5.50,	38.60,	29.00,	2.30,	20.00,	0,	NULL,	NULL),
(203,	1,	1,	1,	9.00,	400.00,	4.00,	10.00,	0.70,	5.80,	41.30,	31.00,	2.30,	20.00,	0,	NULL,	NULL),
(204,	1,	1,	1,	10.00,	400.00,	4.00,	10.00,	0.70,	6.20,	44.00,	33.00,	2.30,	20.00,	0,	NULL,	NULL),
(205,	1,	1,	1,	11.00,	400.00,	4.00,	12.00,	0.70,	6.50,	46.70,	35.00,	2.76,	20.00,	0,	NULL,	NULL),
(206,	1,	1,	1,	12.00,	400.00,	4.00,	12.00,	0.80,	6.80,	49.40,	37.00,	2.76,	20.00,	0,	NULL,	NULL),
(207,	1,	1,	1,	13.00,	400.00,	4.00,	12.00,	0.80,	7.10,	52.10,	39.00,	2.76,	20.00,	0,	NULL,	NULL),
(208,	1,	1,	1,	14.00,	400.00,	4.00,	12.00,	0.90,	7.40,	54.80,	41.00,	2.76,	20.00,	0,	NULL,	NULL),
(209,	1,	1,	1,	15.00,	400.00,	4.00,	12.00,	0.90,	7.70,	57.50,	43.00,	2.76,	20.00,	0,	NULL,	NULL),
(210,	1,	1,	1,	16.00,	400.00,	4.00,	14.00,	1.00,	8.00,	60.20,	45.00,	3.22,	20.00,	0,	NULL,	NULL),
(211,	1,	1,	1,	17.00,	400.00,	4.00,	14.00,	1.00,	8.40,	62.90,	47.00,	3.22,	20.00,	0,	NULL,	NULL),
(212,	1,	1,	1,	18.00,	400.00,	4.00,	14.00,	1.10,	8.70,	65.60,	49.00,	3.22,	20.00,	0,	NULL,	NULL),
(213,	1,	1,	1,	19.00,	400.00,	4.00,	14.00,	1.10,	9.00,	68.30,	51.00,	3.22,	20.00,	0,	NULL,	NULL),
(214,	1,	1,	1,	20.00,	400.00,	4.00,	14.00,	1.20,	9.30,	71.00,	53.00,	3.22,	20.00,	0,	NULL,	NULL),
(215,	1,	1,	1,	1.00,	450.00,	4.00,	8.00,	0.30,	3.70,	20.70,	16.00,	1.84,	20.00,	0,	NULL,	NULL),
(216,	1,	1,	1,	2.00,	450.00,	4.00,	8.00,	0.40,	4.00,	23.40,	18.00,	1.84,	20.00,	0,	NULL,	NULL),
(217,	1,	1,	1,	3.00,	450.00,	4.00,	8.00,	0.40,	4.30,	26.10,	20.00,	1.84,	20.00,	0,	NULL,	NULL),
(218,	1,	1,	1,	4.00,	450.00,	4.00,	8.00,	0.50,	4.70,	28.80,	22.00,	1.84,	20.00,	0,	NULL,	NULL),
(219,	1,	1,	1,	5.00,	450.00,	4.00,	8.00,	0.50,	5.00,	31.50,	24.00,	1.84,	20.00,	0,	NULL,	NULL),
(220,	1,	1,	1,	6.00,	450.00,	4.00,	10.00,	0.60,	5.30,	34.20,	26.00,	2.30,	20.00,	0,	NULL,	NULL),
(221,	1,	1,	1,	7.00,	450.00,	4.00,	10.00,	0.60,	5.60,	36.90,	28.00,	2.30,	20.00,	0,	NULL,	NULL),
(222,	1,	1,	1,	8.00,	450.00,	4.00,	10.00,	0.60,	5.90,	39.60,	30.00,	2.30,	20.00,	0,	NULL,	NULL),
(223,	1,	1,	1,	9.00,	450.00,	4.00,	10.00,	0.70,	6.20,	42.30,	32.00,	2.30,	20.00,	0,	NULL,	NULL),
(224,	1,	1,	1,	10.00,	450.00,	4.00,	10.00,	0.70,	6.60,	45.00,	34.00,	2.30,	20.00,	0,	NULL,	NULL),
(225,	1,	1,	1,	11.00,	450.00,	4.00,	12.00,	0.80,	6.90,	47.70,	36.00,	2.76,	20.00,	0,	NULL,	NULL),
(226,	1,	1,	1,	12.00,	450.00,	4.00,	12.00,	0.80,	7.20,	50.40,	38.00,	2.76,	20.00,	0,	NULL,	NULL),
(227,	1,	1,	1,	13.00,	450.00,	4.00,	12.00,	0.90,	7.50,	53.10,	40.00,	2.76,	20.00,	0,	NULL,	NULL),
(228,	1,	1,	1,	14.00,	450.00,	4.00,	12.00,	0.90,	7.80,	55.80,	42.00,	2.76,	20.00,	0,	NULL,	NULL),
(229,	1,	1,	1,	15.00,	450.00,	4.00,	12.00,	1.00,	8.10,	58.50,	44.00,	2.76,	20.00,	0,	NULL,	NULL),
(230,	1,	1,	1,	16.00,	450.00,	4.00,	14.00,	1.00,	8.40,	61.20,	46.00,	3.22,	20.00,	0,	NULL,	NULL),
(231,	1,	1,	1,	17.00,	450.00,	4.00,	14.00,	1.00,	8.80,	63.90,	48.00,	3.22,	20.00,	0,	NULL,	NULL),
(232,	1,	1,	1,	18.00,	450.00,	4.00,	14.00,	1.10,	9.10,	66.60,	50.00,	3.22,	20.00,	0,	NULL,	NULL),
(233,	1,	1,	1,	19.00,	450.00,	4.00,	14.00,	1.10,	9.40,	69.30,	52.00,	3.22,	20.00,	0,	NULL,	NULL),
(234,	1,	1,	1,	20.00,	450.00,	4.00,	14.00,	1.20,	9.70,	72.00,	54.00,	3.22,	20.00,	0,	NULL,	NULL),
(235,	1,	1,	1,	1.00,	500.00,	4.00,	10.00,	0.30,	4.00,	22.70,	17.00,	2.30,	20.00,	0,	NULL,	NULL),
(236,	1,	1,	1,	2.00,	500.00,	4.00,	10.00,	0.40,	4.30,	25.40,	19.00,	2.30,	20.00,	0,	NULL,	NULL),
(237,	1,	1,	1,	3.00,	500.00,	4.00,	10.00,	0.40,	4.60,	28.10,	21.00,	2.30,	20.00,	0,	NULL,	NULL),
(238,	1,	1,	1,	4.00,	500.00,	4.00,	10.00,	0.50,	5.00,	30.80,	23.00,	2.30,	20.00,	0,	NULL,	NULL),
(239,	1,	1,	1,	5.00,	500.00,	4.00,	10.00,	0.50,	5.30,	33.50,	25.00,	2.30,	20.00,	0,	NULL,	NULL),
(240,	1,	1,	1,	6.00,	500.00,	4.00,	12.50,	0.60,	5.60,	36.20,	27.00,	2.88,	20.00,	0,	NULL,	NULL),
(241,	1,	1,	1,	7.00,	500.00,	4.00,	12.50,	0.60,	5.90,	38.90,	29.00,	2.88,	20.00,	0,	NULL,	NULL),
(242,	1,	1,	1,	8.00,	500.00,	4.00,	12.50,	0.70,	6.20,	41.60,	31.00,	2.88,	20.00,	0,	NULL,	NULL),
(243,	1,	1,	1,	9.00,	500.00,	4.00,	12.50,	0.70,	6.50,	44.30,	33.00,	2.88,	20.00,	0,	NULL,	NULL),
(244,	1,	1,	1,	10.00,	500.00,	4.00,	12.50,	0.80,	6.90,	47.00,	35.00,	2.88,	20.00,	0,	NULL,	NULL),
(245,	1,	1,	1,	11.00,	500.00,	4.00,	15.00,	0.80,	7.20,	49.70,	37.00,	3.45,	20.00,	0,	NULL,	NULL),
(246,	1,	1,	1,	12.00,	500.00,	4.00,	15.00,	0.80,	7.50,	52.40,	39.00,	3.45,	20.00,	0,	NULL,	NULL),
(247,	1,	1,	1,	13.00,	500.00,	4.00,	15.00,	0.90,	7.80,	55.10,	41.00,	3.45,	20.00,	0,	NULL,	NULL),
(248,	1,	1,	1,	14.00,	500.00,	4.00,	15.00,	0.90,	8.10,	57.80,	43.00,	3.45,	20.00,	0,	NULL,	NULL),
(249,	1,	1,	1,	15.00,	500.00,	4.00,	15.00,	1.00,	8.40,	60.50,	45.00,	3.45,	20.00,	0,	NULL,	NULL),
(250,	1,	1,	1,	16.00,	500.00,	4.00,	17.50,	1.00,	8.70,	63.20,	47.00,	4.03,	20.00,	0,	NULL,	NULL),
(251,	1,	1,	1,	17.00,	500.00,	4.00,	17.50,	1.10,	9.10,	65.90,	49.00,	4.03,	20.00,	0,	NULL,	NULL),
(252,	1,	1,	1,	18.00,	500.00,	4.00,	17.50,	1.10,	9.40,	68.60,	51.00,	4.03,	20.00,	0,	NULL,	NULL),
(253,	1,	1,	1,	19.00,	500.00,	4.00,	17.50,	1.20,	9.70,	71.30,	53.00,	4.03,	20.00,	0,	NULL,	NULL),
(254,	1,	1,	1,	20.00,	500.00,	4.00,	17.50,	1.20,	10.00,	74.00,	55.00,	4.03,	20.00,	0,	NULL,	NULL),
(255,	1,	1,	1,	1.00,	550.00,	4.00,	10.00,	0.40,	4.30,	23.70,	18.00,	2.30,	20.00,	0,	NULL,	NULL),
(256,	1,	1,	1,	2.00,	550.00,	4.00,	10.00,	0.40,	4.60,	26.40,	20.00,	2.30,	20.00,	0,	NULL,	NULL),
(257,	1,	1,	1,	3.00,	550.00,	4.00,	10.00,	0.50,	4.90,	29.10,	22.00,	2.30,	20.00,	0,	NULL,	NULL),
(258,	1,	1,	1,	4.00,	550.00,	4.00,	10.00,	0.50,	5.30,	31.80,	24.00,	2.30,	20.00,	0,	NULL,	NULL),
(259,	1,	1,	1,	5.00,	550.00,	4.00,	10.00,	0.60,	5.60,	34.50,	26.00,	2.30,	20.00,	0,	NULL,	NULL),
(260,	1,	1,	1,	6.00,	550.00,	4.00,	12.50,	0.60,	5.90,	37.20,	28.00,	2.88,	20.00,	0,	NULL,	NULL),
(261,	1,	1,	1,	7.00,	550.00,	4.00,	12.50,	0.60,	6.20,	39.90,	30.00,	2.88,	20.00,	0,	NULL,	NULL),
(262,	1,	1,	1,	8.00,	550.00,	4.00,	12.50,	0.70,	6.50,	42.60,	32.00,	2.88,	20.00,	0,	NULL,	NULL),
(263,	1,	1,	1,	9.00,	550.00,	4.00,	12.50,	0.70,	6.80,	45.30,	34.00,	2.88,	20.00,	0,	NULL,	NULL),
(264,	1,	1,	1,	10.00,	550.00,	4.00,	12.50,	0.80,	7.20,	48.00,	36.00,	2.88,	20.00,	0,	NULL,	NULL),
(265,	1,	1,	1,	11.00,	550.00,	4.00,	15.00,	0.80,	7.50,	50.70,	38.00,	3.45,	20.00,	0,	NULL,	NULL),
(266,	1,	1,	1,	12.00,	550.00,	4.00,	15.00,	0.90,	7.80,	53.40,	40.00,	3.45,	20.00,	0,	NULL,	NULL),
(267,	1,	1,	1,	13.00,	550.00,	4.00,	15.00,	0.90,	8.10,	56.10,	42.00,	3.45,	20.00,	0,	NULL,	NULL),
(268,	1,	1,	1,	14.00,	550.00,	4.00,	15.00,	1.00,	8.40,	58.80,	44.00,	3.45,	20.00,	0,	NULL,	NULL),
(269,	1,	1,	1,	15.00,	550.00,	4.00,	15.00,	1.00,	8.70,	61.50,	46.00,	3.45,	20.00,	0,	NULL,	NULL),
(270,	1,	1,	1,	16.00,	550.00,	4.00,	17.50,	1.10,	9.00,	64.20,	48.00,	4.03,	20.00,	0,	NULL,	NULL),
(271,	1,	1,	1,	17.00,	550.00,	4.00,	17.50,	1.10,	9.40,	66.90,	50.00,	4.03,	20.00,	0,	NULL,	NULL),
(272,	1,	1,	1,	18.00,	550.00,	4.00,	17.50,	1.10,	9.70,	69.60,	52.00,	4.03,	20.00,	0,	NULL,	NULL),
(273,	1,	1,	1,	19.00,	550.00,	4.00,	17.50,	1.20,	10.00,	72.30,	54.00,	4.03,	20.00,	0,	NULL,	NULL),
(274,	1,	1,	1,	20.00,	550.00,	4.00,	17.50,	1.20,	10.30,	75.00,	56.00,	4.03,	20.00,	0,	NULL,	NULL),
(275,	1,	1,	1,	1.00,	600.00,	4.00,	12.00,	0.40,	4.50,	24.70,	19.00,	2.76,	20.00,	0,	NULL,	NULL),
(276,	1,	1,	1,	2.00,	600.00,	4.00,	12.00,	0.40,	4.80,	27.40,	21.00,	2.76,	20.00,	0,	NULL,	NULL),
(277,	1,	1,	1,	3.00,	600.00,	4.00,	12.00,	0.50,	5.10,	30.10,	23.00,	2.76,	20.00,	0,	NULL,	NULL),
(278,	1,	1,	1,	4.00,	600.00,	4.00,	12.00,	0.50,	5.50,	32.80,	25.00,	2.76,	20.00,	0,	NULL,	NULL),
(279,	1,	1,	1,	5.00,	600.00,	4.00,	12.00,	0.60,	5.80,	35.50,	27.00,	2.76,	20.00,	0,	NULL,	NULL),
(280,	1,	1,	1,	6.00,	600.00,	4.00,	15.00,	0.60,	6.10,	38.20,	29.00,	3.45,	20.00,	0,	NULL,	NULL),
(281,	1,	1,	1,	7.00,	600.00,	4.00,	15.00,	0.70,	6.40,	40.90,	31.00,	3.45,	20.00,	0,	NULL,	NULL),
(282,	1,	1,	1,	8.00,	600.00,	4.00,	15.00,	0.70,	6.70,	43.60,	33.00,	3.45,	20.00,	0,	NULL,	NULL),
(283,	1,	1,	1,	9.00,	600.00,	4.00,	15.00,	0.80,	7.00,	46.30,	35.00,	3.45,	20.00,	0,	NULL,	NULL),
(284,	1,	1,	1,	10.00,	600.00,	4.00,	15.00,	0.80,	7.40,	49.00,	37.00,	3.45,	20.00,	0,	NULL,	NULL),
(285,	1,	1,	1,	11.00,	600.00,	4.00,	18.00,	0.80,	7.70,	51.70,	39.00,	4.14,	20.00,	0,	NULL,	NULL),
(286,	1,	1,	1,	12.00,	600.00,	4.00,	18.00,	0.90,	8.00,	54.40,	41.00,	4.14,	20.00,	0,	NULL,	NULL),
(287,	1,	1,	1,	13.00,	600.00,	4.00,	18.00,	0.90,	8.30,	57.10,	43.00,	4.14,	20.00,	0,	NULL,	NULL),
(288,	1,	1,	1,	14.00,	600.00,	4.00,	18.00,	1.00,	8.60,	59.80,	45.00,	4.14,	20.00,	0,	NULL,	NULL),
(289,	1,	1,	1,	15.00,	600.00,	4.00,	18.00,	1.00,	8.90,	62.50,	47.00,	4.14,	20.00,	0,	NULL,	NULL),
(290,	1,	1,	1,	16.00,	600.00,	4.00,	21.00,	1.10,	9.20,	65.20,	49.00,	4.83,	20.00,	0,	NULL,	NULL),
(291,	1,	1,	1,	17.00,	600.00,	4.00,	21.00,	1.10,	9.60,	67.90,	51.00,	4.83,	20.00,	0,	NULL,	NULL),
(292,	1,	1,	1,	18.00,	600.00,	4.00,	21.00,	1.20,	9.90,	70.60,	53.00,	4.83,	20.00,	0,	NULL,	NULL),
(293,	1,	1,	1,	19.00,	600.00,	4.00,	21.00,	1.20,	10.20,	73.30,	55.00,	4.83,	20.00,	0,	NULL,	NULL),
(294,	1,	1,	1,	20.00,	600.00,	4.00,	21.00,	1.30,	10.50,	76.00,	57.00,	4.83,	20.00,	0,	NULL,	NULL),
(295,	2,	2,	0,	0.00,	300.00,	0.00,	5.70,	0.20,	2.50,	9.00,	9.00,	1.31,	20.00,	0,	NULL,	NULL),
(296,	2,	2,	0,	0.00,	350.00,	0.00,	6.30,	0.20,	2.80,	10.00,	10.00,	1.45,	20.00,	0,	NULL,	NULL),
(297,	2,	2,	0,	0.00,	400.00,	0.00,	7.20,	0.20,	3.10,	11.00,	11.00,	1.66,	20.00,	0,	NULL,	NULL),
(298,	2,	2,	0,	0.00,	450.00,	0.00,	7.70,	0.20,	3.40,	12.00,	12.00,	1.77,	20.00,	0,	NULL,	NULL),
(299,	2,	2,	0,	0.00,	500.00,	0.00,	8.50,	0.30,	3.70,	13.00,	13.00,	1.96,	20.00,	0,	NULL,	NULL),
(300,	2,	2,	1,	1.00,	300.00,	4.00,	6.00,	0.20,	2.70,	14.70,	12.00,	1.38,	20.00,	0,	NULL,	NULL),
(301,	2,	2,	1,	2.00,	300.00,	4.00,	6.00,	0.30,	3.00,	17.40,	14.00,	1.38,	20.00,	0,	NULL,	NULL),
(302,	2,	2,	1,	3.00,	300.00,	4.00,	6.00,	0.30,	3.30,	20.10,	16.00,	1.38,	20.00,	0,	NULL,	NULL),
(303,	2,	2,	1,	4.00,	300.00,	4.00,	6.00,	0.40,	3.70,	22.80,	18.00,	1.38,	20.00,	0,	NULL,	NULL),
(304,	2,	2,	1,	5.00,	300.00,	4.00,	6.00,	0.40,	4.00,	25.50,	20.00,	1.38,	20.00,	0,	NULL,	NULL),
(305,	2,	2,	1,	6.00,	300.00,	4.00,	7.50,	0.50,	4.30,	28.20,	22.00,	1.73,	20.00,	0,	NULL,	NULL),
(306,	2,	2,	1,	7.00,	300.00,	4.00,	7.50,	0.50,	4.60,	30.90,	24.00,	1.73,	20.00,	0,	NULL,	NULL),
(307,	2,	2,	1,	8.00,	300.00,	4.00,	7.50,	0.60,	4.90,	33.60,	26.00,	1.73,	20.00,	0,	NULL,	NULL),
(308,	2,	2,	1,	9.00,	300.00,	4.00,	7.50,	0.60,	5.20,	36.30,	28.00,	1.73,	20.00,	0,	NULL,	NULL),
(309,	2,	2,	1,	10.00,	300.00,	4.00,	7.50,	0.70,	5.60,	39.00,	30.00,	1.73,	20.00,	0,	NULL,	NULL),
(310,	2,	2,	1,	11.00,	300.00,	4.00,	9.00,	0.70,	5.90,	41.70,	32.00,	2.07,	20.00,	0,	NULL,	NULL),
(311,	2,	2,	1,	12.00,	300.00,	4.00,	9.00,	0.70,	6.20,	44.40,	34.00,	2.07,	20.00,	0,	NULL,	NULL),
(312,	2,	2,	1,	13.00,	300.00,	4.00,	9.00,	0.80,	6.50,	47.10,	36.00,	2.07,	20.00,	0,	NULL,	NULL),
(313,	2,	2,	1,	14.00,	300.00,	4.00,	9.00,	0.80,	6.80,	49.80,	38.00,	2.07,	20.00,	0,	NULL,	NULL),
(314,	2,	2,	1,	15.00,	300.00,	4.00,	9.00,	0.90,	7.10,	52.50,	40.00,	2.07,	20.00,	0,	NULL,	NULL),
(315,	2,	2,	1,	16.00,	300.00,	4.00,	10.50,	0.90,	7.40,	55.20,	42.00,	2.42,	20.00,	0,	NULL,	NULL),
(316,	2,	2,	1,	17.00,	300.00,	4.00,	10.50,	1.00,	7.80,	57.90,	44.00,	2.42,	20.00,	0,	NULL,	NULL),
(317,	2,	2,	1,	18.00,	300.00,	4.00,	10.50,	1.00,	8.10,	60.60,	46.00,	2.42,	20.00,	0,	NULL,	NULL),
(318,	2,	2,	1,	19.00,	300.00,	4.00,	10.50,	1.10,	8.40,	63.30,	48.00,	2.42,	20.00,	0,	NULL,	NULL),
(319,	2,	2,	1,	20.00,	300.00,	4.00,	10.50,	1.10,	8.70,	66.00,	50.00,	2.42,	20.00,	0,	NULL,	NULL),
(320,	2,	2,	1,	1.00,	350.00,	4.00,	6.00,	0.30,	3.00,	16.70,	13.00,	1.38,	20.00,	0,	NULL,	NULL),
(321,	2,	2,	1,	2.00,	350.00,	4.00,	6.00,	0.30,	3.30,	19.40,	15.00,	1.38,	20.00,	0,	NULL,	NULL),
(322,	2,	2,	1,	3.00,	350.00,	4.00,	6.00,	0.40,	3.60,	22.10,	17.00,	1.38,	20.00,	0,	NULL,	NULL),
(323,	2,	2,	1,	4.00,	350.00,	4.00,	6.00,	0.40,	4.00,	24.80,	19.00,	1.38,	20.00,	0,	NULL,	NULL),
(324,	2,	2,	1,	5.00,	350.00,	4.00,	6.00,	0.50,	4.30,	27.50,	21.00,	1.38,	20.00,	0,	NULL,	NULL),
(325,	2,	2,	1,	6.00,	350.00,	4.00,	7.50,	0.50,	4.60,	30.20,	23.00,	1.73,	20.00,	0,	NULL,	NULL),
(326,	2,	2,	1,	7.00,	350.00,	4.00,	7.50,	0.50,	4.90,	32.90,	25.00,	1.73,	20.00,	0,	NULL,	NULL),
(327,	2,	2,	1,	8.00,	350.00,	4.00,	7.50,	0.60,	5.20,	35.60,	27.00,	1.73,	20.00,	0,	NULL,	NULL),
(328,	2,	2,	1,	9.00,	350.00,	4.00,	7.50,	0.60,	3.10,	24.50,	18.20,	1.73,	20.00,	0,	NULL,	NULL),
(329,	2,	2,	1,	10.00,	350.00,	4.00,	7.50,	0.70,	3.40,	27.20,	20.20,	1.73,	20.00,	0,	NULL,	NULL),
(330,	2,	2,	1,	11.00,	350.00,	4.00,	9.00,	0.70,	6.20,	43.70,	33.00,	2.07,	20.00,	0,	NULL,	NULL),
(331,	2,	2,	1,	12.00,	350.00,	4.00,	9.00,	0.80,	6.50,	46.40,	35.00,	2.07,	20.00,	0,	NULL,	NULL),
(332,	2,	2,	1,	13.00,	350.00,	4.00,	9.00,	0.80,	6.80,	49.10,	37.00,	2.07,	20.00,	0,	NULL,	NULL),
(333,	2,	2,	1,	14.00,	350.00,	4.00,	9.00,	0.90,	7.10,	51.80,	39.00,	2.07,	20.00,	0,	NULL,	NULL),
(334,	2,	2,	1,	15.00,	350.00,	4.00,	9.00,	0.90,	7.40,	54.50,	41.00,	2.07,	20.00,	0,	NULL,	NULL),
(335,	2,	2,	1,	16.00,	350.00,	4.00,	10.50,	1.00,	7.70,	57.20,	43.00,	2.42,	20.00,	0,	NULL,	NULL),
(336,	2,	2,	1,	17.00,	350.00,	4.00,	10.50,	1.00,	8.10,	59.90,	45.00,	2.42,	20.00,	0,	NULL,	NULL),
(337,	2,	2,	1,	18.00,	350.00,	4.00,	10.50,	1.00,	8.40,	62.60,	47.00,	2.42,	20.00,	0,	NULL,	NULL),
(338,	2,	2,	1,	19.00,	350.00,	4.00,	10.50,	1.10,	8.70,	65.30,	49.00,	2.42,	20.00,	0,	NULL,	NULL),
(339,	2,	2,	1,	20.00,	350.00,	4.00,	10.50,	1.10,	9.00,	68.00,	51.00,	2.42,	20.00,	0,	NULL,	NULL),
(340,	2,	2,	1,	1.00,	400.00,	4.00,	8.00,	0.30,	3.30,	19.70,	15.00,	1.84,	20.00,	0,	NULL,	NULL),
(341,	2,	2,	1,	2.00,	400.00,	4.00,	8.00,	0.30,	3.60,	22.40,	17.00,	1.84,	20.00,	0,	NULL,	NULL),
(342,	2,	2,	1,	3.00,	400.00,	4.00,	8.00,	0.40,	3.90,	25.10,	19.00,	1.84,	20.00,	0,	NULL,	NULL),
(343,	2,	2,	1,	4.00,	400.00,	4.00,	8.00,	0.40,	4.30,	27.80,	21.00,	1.84,	20.00,	0,	NULL,	NULL),
(344,	2,	2,	1,	5.00,	400.00,	4.00,	8.00,	0.50,	4.60,	30.50,	23.00,	1.84,	20.00,	0,	NULL,	NULL),
(345,	2,	2,	1,	6.00,	400.00,	4.00,	10.00,	0.50,	4.90,	33.20,	25.00,	2.30,	20.00,	0,	NULL,	NULL),
(346,	2,	2,	1,	7.00,	400.00,	4.00,	10.00,	0.60,	5.20,	35.90,	27.00,	2.30,	20.00,	0,	NULL,	NULL),
(347,	2,	2,	1,	8.00,	400.00,	4.00,	10.00,	0.60,	5.50,	38.60,	29.00,	2.30,	20.00,	0,	NULL,	NULL),
(348,	2,	2,	1,	9.00,	400.00,	4.00,	10.00,	0.70,	5.80,	41.30,	31.00,	2.30,	20.00,	0,	NULL,	NULL),
(349,	2,	2,	1,	10.00,	400.00,	4.00,	10.00,	0.70,	6.20,	44.00,	33.00,	2.30,	20.00,	0,	NULL,	NULL),
(350,	2,	2,	1,	11.00,	400.00,	4.00,	12.00,	0.70,	6.50,	46.70,	35.00,	2.76,	20.00,	0,	NULL,	NULL),
(351,	2,	2,	1,	12.00,	400.00,	4.00,	12.00,	0.80,	6.80,	49.40,	37.00,	2.76,	20.00,	0,	NULL,	NULL),
(352,	2,	2,	1,	13.00,	400.00,	4.00,	12.00,	0.80,	7.10,	52.10,	39.00,	2.76,	20.00,	0,	NULL,	NULL),
(353,	2,	2,	1,	14.00,	400.00,	4.00,	12.00,	0.90,	7.40,	54.80,	41.00,	2.76,	20.00,	0,	NULL,	NULL),
(354,	2,	2,	1,	15.00,	400.00,	4.00,	12.00,	0.90,	7.70,	57.50,	43.00,	2.76,	20.00,	0,	NULL,	NULL),
(355,	2,	2,	1,	16.00,	400.00,	4.00,	14.00,	1.00,	8.00,	60.20,	45.00,	3.22,	20.00,	0,	NULL,	NULL),
(356,	2,	2,	1,	17.00,	400.00,	4.00,	14.00,	1.00,	8.40,	62.90,	47.00,	3.22,	20.00,	0,	NULL,	NULL),
(357,	2,	2,	1,	18.00,	400.00,	4.00,	14.00,	1.10,	8.70,	65.60,	49.00,	3.22,	20.00,	0,	NULL,	NULL),
(358,	2,	2,	1,	19.00,	400.00,	4.00,	14.00,	1.10,	9.00,	68.30,	51.00,	3.22,	20.00,	0,	NULL,	NULL),
(359,	2,	2,	1,	20.00,	400.00,	4.00,	14.00,	1.20,	9.30,	71.00,	53.00,	3.22,	20.00,	0,	NULL,	NULL),
(360,	2,	2,	1,	1.00,	450.00,	4.00,	8.00,	0.30,	3.70,	20.70,	16.00,	1.84,	20.00,	0,	NULL,	NULL),
(361,	2,	2,	1,	2.00,	450.00,	4.00,	8.00,	0.40,	4.00,	23.40,	18.00,	1.84,	20.00,	0,	NULL,	NULL),
(362,	2,	2,	1,	3.00,	450.00,	4.00,	8.00,	0.40,	4.30,	26.10,	20.00,	1.84,	20.00,	0,	NULL,	NULL),
(363,	2,	2,	1,	4.00,	450.00,	4.00,	8.00,	0.50,	4.70,	28.80,	22.00,	1.84,	20.00,	0,	NULL,	NULL),
(364,	2,	2,	1,	5.00,	450.00,	4.00,	8.00,	0.50,	5.00,	31.50,	24.00,	1.84,	20.00,	0,	NULL,	NULL),
(365,	2,	2,	1,	6.00,	450.00,	4.00,	10.00,	0.60,	5.30,	34.20,	26.00,	2.30,	20.00,	0,	NULL,	NULL),
(366,	2,	2,	1,	7.00,	450.00,	4.00,	10.00,	0.60,	5.60,	36.90,	28.00,	2.30,	20.00,	0,	NULL,	NULL),
(367,	2,	2,	1,	8.00,	450.00,	4.00,	10.00,	0.60,	5.90,	39.60,	30.00,	2.30,	20.00,	0,	NULL,	NULL),
(368,	2,	2,	1,	9.00,	450.00,	4.00,	10.00,	0.70,	6.20,	42.30,	32.00,	2.30,	20.00,	0,	NULL,	NULL),
(369,	2,	2,	1,	10.00,	450.00,	4.00,	10.00,	0.70,	6.60,	45.00,	34.00,	2.30,	20.00,	0,	NULL,	NULL),
(370,	2,	2,	1,	11.00,	450.00,	4.00,	12.00,	0.80,	6.90,	47.70,	36.00,	2.76,	20.00,	0,	NULL,	NULL),
(371,	2,	2,	1,	12.00,	450.00,	4.00,	12.00,	0.80,	7.20,	50.40,	38.00,	2.76,	20.00,	0,	NULL,	NULL),
(372,	2,	2,	1,	13.00,	450.00,	4.00,	12.00,	0.90,	7.50,	53.10,	40.00,	2.76,	20.00,	0,	NULL,	NULL),
(373,	2,	2,	1,	14.00,	450.00,	4.00,	12.00,	0.90,	7.80,	55.80,	42.00,	2.76,	20.00,	0,	NULL,	NULL),
(374,	2,	2,	1,	15.00,	450.00,	4.00,	12.00,	1.00,	8.10,	58.50,	44.00,	2.76,	20.00,	0,	NULL,	NULL),
(375,	2,	2,	1,	16.00,	450.00,	4.00,	14.00,	1.00,	8.40,	61.20,	46.00,	3.22,	20.00,	0,	NULL,	NULL),
(376,	2,	2,	1,	17.00,	450.00,	4.00,	14.00,	1.00,	8.80,	63.90,	48.00,	3.22,	20.00,	0,	NULL,	NULL),
(377,	2,	2,	1,	18.00,	450.00,	4.00,	14.00,	1.10,	9.10,	66.60,	50.00,	3.22,	20.00,	0,	NULL,	NULL),
(378,	2,	2,	1,	19.00,	450.00,	4.00,	14.00,	1.10,	9.40,	69.30,	52.00,	3.22,	20.00,	0,	NULL,	NULL),
(379,	2,	2,	1,	20.00,	450.00,	4.00,	14.00,	1.20,	9.70,	72.00,	54.00,	3.22,	20.00,	0,	NULL,	NULL),
(380,	2,	2,	1,	1.00,	500.00,	4.00,	10.00,	0.30,	4.00,	22.70,	17.00,	2.30,	20.00,	0,	NULL,	NULL),
(381,	2,	2,	1,	2.00,	500.00,	4.00,	10.00,	0.40,	4.30,	25.40,	19.00,	2.30,	20.00,	0,	NULL,	NULL),
(382,	2,	2,	1,	3.00,	500.00,	4.00,	10.00,	0.40,	4.60,	28.10,	21.00,	2.30,	20.00,	0,	NULL,	NULL),
(383,	2,	2,	1,	4.00,	500.00,	4.00,	10.00,	0.50,	5.00,	30.80,	23.00,	2.30,	20.00,	0,	NULL,	NULL),
(384,	2,	2,	1,	5.00,	500.00,	4.00,	10.00,	0.50,	5.30,	33.50,	25.00,	2.30,	20.00,	0,	NULL,	NULL),
(385,	2,	2,	1,	6.00,	500.00,	4.00,	12.50,	0.60,	5.60,	36.20,	27.00,	2.88,	20.00,	0,	NULL,	NULL),
(386,	2,	2,	1,	7.00,	500.00,	4.00,	12.50,	0.60,	5.90,	38.90,	29.00,	2.88,	20.00,	0,	NULL,	NULL),
(387,	2,	2,	1,	8.00,	500.00,	4.00,	12.50,	0.70,	6.20,	41.60,	31.00,	2.88,	20.00,	0,	NULL,	NULL),
(388,	2,	2,	1,	9.00,	500.00,	4.00,	12.50,	0.70,	6.50,	44.30,	33.00,	2.88,	20.00,	0,	NULL,	NULL),
(389,	2,	2,	1,	10.00,	500.00,	4.00,	12.50,	0.80,	6.90,	47.00,	35.00,	2.88,	20.00,	0,	NULL,	NULL),
(390,	2,	2,	1,	11.00,	500.00,	4.00,	15.00,	0.80,	7.20,	49.70,	37.00,	3.45,	20.00,	0,	NULL,	NULL),
(391,	2,	2,	1,	12.00,	500.00,	4.00,	15.00,	0.80,	7.50,	52.40,	39.00,	3.45,	20.00,	0,	NULL,	NULL),
(392,	2,	2,	1,	13.00,	500.00,	4.00,	15.00,	0.90,	7.80,	55.10,	41.00,	3.45,	20.00,	0,	NULL,	NULL),
(393,	2,	2,	1,	14.00,	500.00,	4.00,	15.00,	0.90,	8.10,	57.80,	43.00,	3.45,	20.00,	0,	NULL,	NULL),
(394,	2,	2,	1,	15.00,	500.00,	4.00,	15.00,	1.00,	8.40,	60.50,	45.00,	3.45,	20.00,	0,	NULL,	NULL),
(395,	2,	2,	1,	16.00,	500.00,	4.00,	17.50,	1.00,	8.70,	63.20,	47.00,	4.03,	20.00,	0,	NULL,	NULL),
(396,	2,	2,	1,	17.00,	500.00,	4.00,	17.50,	1.10,	9.10,	65.90,	49.00,	4.03,	20.00,	0,	NULL,	NULL),
(397,	2,	2,	1,	18.00,	500.00,	4.00,	17.50,	1.10,	9.40,	68.60,	51.00,	4.03,	20.00,	0,	NULL,	NULL),
(398,	2,	2,	1,	19.00,	500.00,	4.00,	17.50,	1.20,	9.70,	71.30,	53.00,	4.03,	20.00,	0,	NULL,	NULL),
(399,	2,	2,	1,	20.00,	500.00,	4.00,	17.50,	1.20,	10.00,	74.00,	55.00,	4.03,	20.00,	0,	NULL,	NULL),
(400,	2,	1,	0,	0.00,	300.00,	4.00,	4.50,	0.20,	2.40,	12.00,	10.00,	1.03,	20.00,	0,	NULL,	NULL),
(401,	2,	1,	0,	0.00,	350.00,	4.00,	5.00,	0.20,	2.70,	14.00,	11.00,	1.15,	20.00,	0,	NULL,	NULL),
(402,	2,	1,	0,	0.00,	400.00,	4.00,	5.50,	0.30,	3.00,	17.00,	13.00,	1.26,	20.00,	0,	NULL,	NULL),
(403,	2,	1,	0,	0.00,	450.00,	4.00,	6.00,	0.30,	3.40,	18.00,	14.00,	1.38,	20.00,	0,	NULL,	NULL),
(404,	2,	1,	0,	0.00,	500.00,	4.00,	6.50,	0.30,	3.70,	20.00,	15.00,	1.50,	20.00,	0,	NULL,	NULL),
(405,	2,	1,	0,	0.00,	550.00,	4.00,	7.00,	0.30,	4.00,	21.00,	16.00,	1.61,	20.00,	0,	NULL,	NULL),
(406,	2,	1,	0,	0.00,	600.00,	4.00,	7.50,	0.40,	4.20,	22.00,	17.00,	1.73,	20.00,	0,	NULL,	NULL),
(407,	2,	1,	1,	1.00,	300.00,	4.00,	6.00,	0.20,	2.70,	14.70,	12.00,	1.38,	20.00,	0,	NULL,	NULL),
(408,	2,	1,	1,	2.00,	300.00,	4.00,	6.00,	0.30,	3.00,	17.40,	14.00,	1.38,	20.00,	0,	NULL,	NULL),
(409,	2,	1,	1,	3.00,	300.00,	4.00,	6.00,	0.30,	3.30,	20.10,	16.00,	1.38,	20.00,	0,	NULL,	NULL),
(410,	2,	1,	1,	4.00,	300.00,	4.00,	6.00,	0.40,	3.70,	22.80,	18.00,	1.38,	20.00,	0,	NULL,	NULL),
(411,	2,	1,	1,	5.00,	300.00,	4.00,	6.00,	0.40,	4.00,	25.50,	20.00,	1.38,	20.00,	0,	NULL,	NULL),
(412,	2,	1,	1,	6.00,	300.00,	4.00,	7.50,	0.50,	4.30,	28.20,	22.00,	1.73,	20.00,	0,	NULL,	NULL),
(413,	2,	1,	1,	7.00,	300.00,	4.00,	7.50,	0.50,	4.60,	30.90,	24.00,	1.73,	20.00,	0,	NULL,	NULL),
(414,	2,	1,	1,	8.00,	300.00,	4.00,	7.50,	0.60,	4.90,	33.60,	26.00,	1.73,	20.00,	0,	NULL,	NULL),
(415,	2,	1,	1,	9.00,	300.00,	4.00,	7.50,	0.60,	5.20,	36.30,	28.00,	1.73,	20.00,	0,	NULL,	NULL),
(416,	2,	1,	1,	10.00,	300.00,	4.00,	7.50,	0.70,	5.60,	39.00,	30.00,	1.73,	20.00,	0,	NULL,	NULL),
(417,	2,	1,	1,	11.00,	300.00,	4.00,	9.00,	0.70,	5.90,	41.70,	32.00,	2.07,	20.00,	0,	NULL,	NULL),
(418,	2,	1,	1,	12.00,	300.00,	4.00,	9.00,	0.70,	6.20,	44.40,	34.00,	2.07,	20.00,	0,	NULL,	NULL),
(419,	2,	1,	1,	13.00,	300.00,	4.00,	9.00,	0.80,	6.50,	47.10,	36.00,	2.07,	20.00,	0,	NULL,	NULL),
(420,	2,	1,	1,	14.00,	300.00,	4.00,	9.00,	0.80,	6.80,	49.80,	38.00,	2.07,	20.00,	0,	NULL,	NULL),
(421,	2,	1,	1,	15.00,	300.00,	4.00,	9.00,	0.90,	7.10,	52.50,	40.00,	2.07,	20.00,	0,	NULL,	NULL),
(422,	2,	1,	1,	16.00,	300.00,	4.00,	10.50,	0.90,	7.40,	55.20,	42.00,	2.42,	20.00,	0,	NULL,	NULL),
(423,	2,	1,	1,	17.00,	300.00,	4.00,	10.50,	1.00,	7.80,	57.90,	44.00,	2.42,	20.00,	0,	NULL,	NULL),
(424,	2,	1,	1,	18.00,	300.00,	4.00,	10.50,	1.00,	8.10,	60.60,	46.00,	2.42,	20.00,	0,	NULL,	NULL),
(425,	2,	1,	1,	19.00,	300.00,	4.00,	10.50,	1.10,	8.40,	63.30,	48.00,	2.42,	20.00,	0,	NULL,	NULL),
(426,	2,	1,	1,	20.00,	300.00,	4.00,	10.50,	1.10,	8.70,	66.00,	50.00,	2.42,	20.00,	0,	NULL,	NULL),
(427,	2,	1,	1,	1.00,	350.00,	4.00,	6.00,	0.30,	3.00,	16.70,	13.00,	1.38,	20.00,	0,	NULL,	NULL),
(428,	2,	1,	1,	2.00,	350.00,	4.00,	6.00,	0.30,	3.30,	19.40,	15.00,	1.38,	20.00,	0,	NULL,	NULL),
(429,	2,	1,	1,	3.00,	350.00,	4.00,	6.00,	0.40,	3.60,	22.10,	17.00,	1.38,	20.00,	0,	NULL,	NULL),
(430,	2,	1,	1,	4.00,	350.00,	4.00,	6.00,	0.40,	4.00,	24.80,	19.00,	1.38,	20.00,	0,	NULL,	NULL),
(431,	2,	1,	1,	5.00,	350.00,	4.00,	6.00,	0.50,	4.30,	27.50,	21.00,	1.38,	20.00,	0,	NULL,	NULL),
(432,	2,	1,	1,	6.00,	350.00,	4.00,	7.50,	0.50,	4.60,	30.20,	23.00,	1.73,	20.00,	0,	NULL,	NULL),
(433,	2,	1,	1,	7.00,	350.00,	4.00,	7.50,	0.50,	4.90,	32.90,	25.00,	1.73,	20.00,	0,	NULL,	NULL),
(434,	2,	1,	1,	8.00,	350.00,	4.00,	7.50,	0.60,	5.20,	35.60,	27.00,	1.73,	20.00,	0,	NULL,	NULL),
(435,	2,	1,	1,	9.00,	350.00,	4.00,	7.50,	0.60,	3.10,	24.50,	18.20,	1.73,	20.00,	0,	NULL,	NULL),
(436,	2,	1,	1,	10.00,	350.00,	4.00,	7.50,	0.70,	3.40,	27.20,	20.20,	1.73,	20.00,	0,	NULL,	NULL),
(437,	2,	1,	1,	11.00,	350.00,	4.00,	9.00,	0.70,	6.20,	43.70,	33.00,	2.07,	20.00,	0,	NULL,	NULL),
(438,	2,	1,	1,	12.00,	350.00,	4.00,	9.00,	0.80,	6.50,	46.40,	35.00,	2.07,	20.00,	0,	NULL,	NULL),
(439,	2,	1,	1,	13.00,	350.00,	4.00,	9.00,	0.80,	6.80,	49.10,	37.00,	2.07,	20.00,	0,	NULL,	NULL),
(440,	2,	1,	1,	14.00,	350.00,	4.00,	9.00,	0.90,	7.10,	51.80,	39.00,	2.07,	20.00,	0,	NULL,	NULL),
(441,	2,	1,	1,	15.00,	350.00,	4.00,	9.00,	0.90,	7.40,	54.50,	41.00,	2.07,	20.00,	0,	NULL,	NULL),
(442,	2,	1,	1,	16.00,	350.00,	4.00,	10.50,	1.00,	7.70,	57.20,	43.00,	2.42,	20.00,	0,	NULL,	NULL),
(443,	2,	1,	1,	17.00,	350.00,	4.00,	10.50,	1.00,	8.10,	59.90,	45.00,	2.42,	20.00,	0,	NULL,	NULL),
(444,	2,	1,	1,	18.00,	350.00,	4.00,	10.50,	1.00,	8.40,	62.60,	47.00,	2.42,	20.00,	0,	NULL,	NULL),
(445,	2,	1,	1,	19.00,	350.00,	4.00,	10.50,	1.10,	8.70,	65.30,	49.00,	2.42,	20.00,	0,	NULL,	NULL),
(446,	2,	1,	1,	20.00,	350.00,	4.00,	10.50,	1.10,	9.00,	68.00,	51.00,	2.42,	20.00,	0,	NULL,	NULL),
(447,	2,	1,	1,	1.00,	400.00,	4.00,	8.00,	0.30,	3.30,	19.70,	15.00,	1.84,	20.00,	0,	NULL,	NULL),
(448,	2,	1,	1,	2.00,	400.00,	4.00,	8.00,	0.30,	3.60,	22.40,	17.00,	1.84,	20.00,	0,	NULL,	NULL),
(449,	2,	1,	1,	3.00,	400.00,	4.00,	8.00,	0.40,	3.90,	25.10,	19.00,	1.84,	20.00,	0,	NULL,	NULL),
(450,	2,	1,	1,	4.00,	400.00,	4.00,	8.00,	0.40,	4.30,	27.80,	21.00,	1.84,	20.00,	0,	NULL,	NULL),
(451,	2,	1,	1,	5.00,	400.00,	4.00,	8.00,	0.50,	4.60,	30.50,	23.00,	1.84,	20.00,	0,	NULL,	NULL),
(452,	2,	1,	1,	6.00,	400.00,	4.00,	10.00,	0.50,	4.90,	33.20,	25.00,	2.30,	20.00,	0,	NULL,	NULL),
(453,	2,	1,	1,	7.00,	400.00,	4.00,	10.00,	0.60,	5.20,	35.90,	27.00,	2.30,	20.00,	0,	NULL,	NULL),
(454,	2,	1,	1,	8.00,	400.00,	4.00,	10.00,	0.60,	5.50,	38.60,	29.00,	2.30,	20.00,	0,	NULL,	NULL),
(455,	2,	1,	1,	9.00,	400.00,	4.00,	10.00,	0.70,	5.80,	41.30,	31.00,	2.30,	20.00,	0,	NULL,	NULL),
(456,	2,	1,	1,	10.00,	400.00,	4.00,	10.00,	0.70,	6.20,	44.00,	33.00,	2.30,	20.00,	0,	NULL,	NULL),
(457,	2,	1,	1,	11.00,	400.00,	4.00,	12.00,	0.70,	6.50,	46.70,	35.00,	2.76,	20.00,	0,	NULL,	NULL),
(458,	2,	1,	1,	12.00,	400.00,	4.00,	12.00,	0.80,	6.80,	49.40,	37.00,	2.76,	20.00,	0,	NULL,	NULL),
(459,	2,	1,	1,	13.00,	400.00,	4.00,	12.00,	0.80,	7.10,	52.10,	39.00,	2.76,	20.00,	0,	NULL,	NULL),
(460,	2,	1,	1,	14.00,	400.00,	4.00,	12.00,	0.90,	7.40,	54.80,	41.00,	2.76,	20.00,	0,	NULL,	NULL),
(461,	2,	1,	1,	15.00,	400.00,	4.00,	12.00,	0.90,	7.70,	57.50,	43.00,	2.76,	20.00,	0,	NULL,	NULL),
(462,	2,	1,	1,	16.00,	400.00,	4.00,	14.00,	1.00,	8.00,	60.20,	45.00,	3.22,	20.00,	0,	NULL,	NULL),
(463,	2,	1,	1,	17.00,	400.00,	4.00,	14.00,	1.00,	8.40,	62.90,	47.00,	3.22,	20.00,	0,	NULL,	NULL),
(464,	2,	1,	1,	18.00,	400.00,	4.00,	14.00,	1.10,	8.70,	65.60,	49.00,	3.22,	20.00,	0,	NULL,	NULL),
(465,	2,	1,	1,	19.00,	400.00,	4.00,	14.00,	1.10,	9.00,	68.30,	51.00,	3.22,	20.00,	0,	NULL,	NULL),
(466,	2,	1,	1,	20.00,	400.00,	4.00,	14.00,	1.20,	9.30,	71.00,	53.00,	3.22,	20.00,	0,	NULL,	NULL),
(467,	2,	1,	1,	1.00,	450.00,	4.00,	8.00,	0.30,	3.70,	20.70,	16.00,	1.84,	20.00,	0,	NULL,	NULL),
(468,	2,	1,	1,	2.00,	450.00,	4.00,	8.00,	0.40,	4.00,	23.40,	18.00,	1.84,	20.00,	0,	NULL,	NULL),
(469,	2,	1,	1,	3.00,	450.00,	4.00,	8.00,	0.40,	4.30,	26.10,	20.00,	1.84,	20.00,	0,	NULL,	NULL),
(470,	2,	1,	1,	4.00,	450.00,	4.00,	8.00,	0.50,	4.70,	28.80,	22.00,	1.84,	20.00,	0,	NULL,	NULL),
(471,	2,	1,	1,	5.00,	450.00,	4.00,	8.00,	0.50,	5.00,	31.50,	24.00,	1.84,	20.00,	0,	NULL,	NULL),
(472,	2,	1,	1,	6.00,	450.00,	4.00,	10.00,	0.60,	5.30,	34.20,	26.00,	2.30,	20.00,	0,	NULL,	NULL),
(473,	2,	1,	1,	7.00,	450.00,	4.00,	10.00,	0.60,	5.60,	36.90,	28.00,	2.30,	20.00,	0,	NULL,	NULL),
(474,	2,	1,	1,	8.00,	450.00,	4.00,	10.00,	0.60,	5.90,	39.60,	30.00,	2.30,	20.00,	0,	NULL,	NULL),
(475,	2,	1,	1,	9.00,	450.00,	4.00,	10.00,	0.70,	6.20,	42.30,	32.00,	2.30,	20.00,	0,	NULL,	NULL),
(476,	2,	1,	1,	10.00,	450.00,	4.00,	10.00,	0.70,	6.60,	45.00,	34.00,	2.30,	20.00,	0,	NULL,	NULL),
(477,	2,	1,	1,	11.00,	450.00,	4.00,	12.00,	0.80,	6.90,	47.70,	36.00,	2.76,	20.00,	0,	NULL,	NULL),
(478,	2,	1,	1,	12.00,	450.00,	4.00,	12.00,	0.80,	7.20,	50.40,	38.00,	2.76,	20.00,	0,	NULL,	NULL),
(479,	2,	1,	1,	13.00,	450.00,	4.00,	12.00,	0.90,	7.50,	53.10,	40.00,	2.76,	20.00,	0,	NULL,	NULL),
(480,	2,	1,	1,	14.00,	450.00,	4.00,	12.00,	0.90,	7.80,	55.80,	42.00,	2.76,	20.00,	0,	NULL,	NULL),
(481,	2,	1,	1,	15.00,	450.00,	4.00,	12.00,	1.00,	8.10,	58.50,	44.00,	2.76,	20.00,	0,	NULL,	NULL),
(482,	2,	1,	1,	16.00,	450.00,	4.00,	14.00,	1.00,	8.40,	61.20,	46.00,	3.22,	20.00,	0,	NULL,	NULL),
(483,	2,	1,	1,	17.00,	450.00,	4.00,	14.00,	1.00,	8.80,	63.90,	48.00,	3.22,	20.00,	0,	NULL,	NULL),
(484,	2,	1,	1,	18.00,	450.00,	4.00,	14.00,	1.10,	9.10,	66.60,	50.00,	3.22,	20.00,	0,	NULL,	NULL),
(485,	2,	1,	1,	19.00,	450.00,	4.00,	14.00,	1.10,	9.40,	69.30,	52.00,	3.22,	20.00,	0,	NULL,	NULL),
(486,	2,	1,	1,	20.00,	450.00,	4.00,	14.00,	1.20,	9.70,	72.00,	54.00,	3.22,	20.00,	0,	NULL,	NULL),
(487,	2,	1,	1,	1.00,	500.00,	4.00,	10.00,	0.30,	4.00,	22.70,	17.00,	2.30,	20.00,	0,	NULL,	NULL),
(488,	2,	1,	1,	2.00,	500.00,	4.00,	10.00,	0.40,	4.30,	25.40,	19.00,	2.30,	20.00,	0,	NULL,	NULL),
(489,	2,	1,	1,	3.00,	500.00,	4.00,	10.00,	0.40,	4.60,	28.10,	21.00,	2.30,	20.00,	0,	NULL,	NULL),
(490,	2,	1,	1,	4.00,	500.00,	4.00,	10.00,	0.50,	5.00,	30.80,	23.00,	2.30,	20.00,	0,	NULL,	NULL),
(491,	2,	1,	1,	5.00,	500.00,	4.00,	10.00,	0.50,	5.30,	33.50,	25.00,	2.30,	20.00,	0,	NULL,	NULL),
(492,	2,	1,	1,	6.00,	500.00,	4.00,	12.50,	0.60,	5.60,	36.20,	27.00,	2.88,	20.00,	0,	NULL,	NULL),
(493,	2,	1,	1,	7.00,	500.00,	4.00,	12.50,	0.60,	5.90,	38.90,	29.00,	2.88,	20.00,	0,	NULL,	NULL),
(494,	2,	1,	1,	8.00,	500.00,	4.00,	12.50,	0.70,	6.20,	41.60,	31.00,	2.88,	20.00,	0,	NULL,	NULL),
(495,	2,	1,	1,	9.00,	500.00,	4.00,	12.50,	0.70,	6.50,	44.30,	33.00,	2.88,	20.00,	0,	NULL,	NULL),
(496,	2,	1,	1,	10.00,	500.00,	4.00,	12.50,	0.80,	6.90,	47.00,	35.00,	2.88,	20.00,	0,	NULL,	NULL),
(497,	2,	1,	1,	11.00,	500.00,	4.00,	15.00,	0.80,	7.20,	49.70,	37.00,	3.45,	20.00,	0,	NULL,	NULL),
(498,	2,	1,	1,	12.00,	500.00,	4.00,	15.00,	0.80,	7.50,	52.40,	39.00,	3.45,	20.00,	0,	NULL,	NULL),
(499,	2,	1,	1,	13.00,	500.00,	4.00,	15.00,	0.90,	7.80,	55.10,	41.00,	3.45,	20.00,	0,	NULL,	NULL),
(500,	2,	1,	1,	14.00,	500.00,	4.00,	15.00,	0.90,	8.10,	57.80,	43.00,	3.45,	20.00,	0,	NULL,	NULL),
(501,	2,	1,	1,	15.00,	500.00,	4.00,	15.00,	1.00,	8.40,	60.50,	45.00,	3.45,	20.00,	0,	NULL,	NULL),
(502,	2,	1,	1,	16.00,	500.00,	4.00,	17.50,	1.00,	8.70,	63.20,	47.00,	4.03,	20.00,	0,	NULL,	NULL),
(503,	2,	1,	1,	17.00,	500.00,	4.00,	17.50,	1.10,	9.10,	65.90,	49.00,	4.03,	20.00,	0,	NULL,	NULL),
(504,	2,	1,	1,	18.00,	500.00,	4.00,	17.50,	1.10,	9.40,	68.60,	51.00,	4.03,	20.00,	0,	NULL,	NULL),
(505,	2,	1,	1,	19.00,	500.00,	4.00,	17.50,	1.20,	9.70,	71.30,	53.00,	4.03,	20.00,	0,	NULL,	NULL),
(506,	2,	1,	1,	20.00,	500.00,	4.00,	17.50,	1.20,	10.00,	74.00,	55.00,	4.03,	20.00,	0,	NULL,	NULL),
(507,	2,	1,	1,	1.00,	550.00,	4.00,	10.00,	0.40,	4.30,	23.70,	18.00,	2.30,	20.00,	0,	NULL,	NULL);

DROP TABLE IF EXISTS `nci_subcategorys`;
CREATE TABLE `nci_subcategorys` (
  `id` bigint(20) unsigned NOT NULL AUTO_INCREMENT,
  `name` varchar(255) COLLATE utf8mb4_unicode_ci NOT NULL,
  `category_id` bigint(20) unsigned NOT NULL,
  `isvisible` tinyint(1) NOT NULL DEFAULT 1,
  `created_at` timestamp NULL DEFAULT NULL,
  `updated_at` timestamp NULL DEFAULT NULL,
  PRIMARY KEY (`id`),
  KEY `nci_subcategorys_category_id_foreign` (`category_id`),
  CONSTRAINT `nci_subcategorys_category_id_foreign` FOREIGN KEY (`category_id`) REFERENCES `nci_categorys` (`id`)
) ENGINE=InnoDB DEFAULT CHARSET=utf8mb4 COLLATE=utf8mb4_unicode_ci;

INSERT INTO `nci_subcategorys` (`id`, `name`, `category_id`, `isvisible`, `created_at`, `updated_at`) VALUES
(1,	'LEGUME',	1,	1,	NULL,	NULL),
(2,	'CEREAL GREEN',	1,	1,	NULL,	NULL),
(3,	'GREEN GRASS',	1,	1,	NULL,	NULL),
(4,	'SILAGE',	1,	1,	NULL,	NULL),
(5,	'HAYS',	2,	1,	NULL,	NULL),
(6,	'STRAWS',	2,	1,	NULL,	NULL),
(7,	'GRAINS',	3,	1,	NULL,	NULL),
(8,	'OIL CAKES',	3,	1,	NULL,	NULL),
(9,	'GRAIN BY PRODUCT',	3,	1,	NULL,	NULL),
(10,	'Others',	4,	1,	NULL,	NULL);

DROP TABLE IF EXISTS `orderitems`;
CREATE TABLE `orderitems` (
  `id` bigint(20) unsigned NOT NULL AUTO_INCREMENT,
  `order_id` bigint(20) unsigned NOT NULL,
  `product_id` bigint(20) unsigned NOT NULL,
  `quantity` int(11) NOT NULL DEFAULT 1,
  `total_cost` double(10,2) NOT NULL DEFAULT 0.00,
  `total_discount` double(10,2) NOT NULL DEFAULT 0.00,
  `total_tax` double(10,2) NOT NULL DEFAULT 0.00,
  `created_at` timestamp NULL DEFAULT NULL,
  `updated_at` timestamp NULL DEFAULT NULL,
  PRIMARY KEY (`id`),
  KEY `orderitems_order_id_foreign` (`order_id`),
  KEY `orderitems_product_id_foreign` (`product_id`),
  CONSTRAINT `orderitems_order_id_foreign` FOREIGN KEY (`order_id`) REFERENCES `orders` (`id`),
  CONSTRAINT `orderitems_product_id_foreign` FOREIGN KEY (`product_id`) REFERENCES `products` (`id`)
) ENGINE=InnoDB DEFAULT CHARSET=utf8mb4 COLLATE=utf8mb4_unicode_ci;

INSERT INTO `orderitems` (`id`, `order_id`, `product_id`, `quantity`, `total_cost`, `total_discount`, `total_tax`, `created_at`, `updated_at`) VALUES
(1,	1,	1,	2,	200.00,	0.00,	0.00,	'2023-08-14 11:11:37',	'2023-08-14 11:11:37'),
(2,	1,	2,	2,	202.00,	0.00,	0.00,	'2023-08-14 11:11:37',	'2023-08-14 11:11:37'),
(3,	2,	1,	2,	200.00,	0.00,	0.00,	'2023-08-14 16:17:55',	'2023-08-14 16:17:55'),
(4,	3,	1,	2,	200.00,	0.00,	0.00,	'2023-08-14 16:19:37',	'2023-08-14 16:19:37'),
(5,	4,	1,	2,	200.00,	0.00,	0.00,	'2023-08-14 16:20:40',	'2023-08-14 16:20:40'),
(6,	5,	1,	3,	300.00,	0.00,	0.00,	'2023-08-14 16:25:30',	'2023-08-14 16:25:30'),
(7,	5,	2,	1,	101.00,	0.00,	0.00,	'2023-08-14 16:25:30',	'2023-08-14 16:25:30'),
(8,	5,	3,	1,	102.00,	0.00,	0.00,	'2023-08-14 16:25:30',	'2023-08-14 16:25:30'),
(9,	6,	3,	3,	306.00,	0.00,	0.00,	'2023-08-14 16:33:06',	'2023-08-14 16:33:06'),
(10,	6,	4,	2,	206.00,	0.00,	0.00,	'2023-08-14 16:33:06',	'2023-08-14 16:33:06'),
(11,	7,	4,	1,	103.00,	0.00,	0.00,	'2023-08-15 14:35:21',	'2023-08-15 14:35:21'),
(12,	7,	3,	1,	102.00,	0.00,	0.00,	'2023-08-15 14:35:21',	'2023-08-15 14:35:21'),
(13,	7,	1,	3,	300.00,	0.00,	0.00,	'2023-08-15 14:35:21',	'2023-08-15 14:35:21'),
(14,	7,	2,	4,	404.00,	0.00,	0.00,	'2023-08-15 14:35:21',	'2023-08-15 14:35:21'),
(15,	8,	1,	4,	400.00,	0.00,	0.00,	'2023-08-15 21:28:47',	'2023-08-15 21:28:47'),
(16,	9,	1,	2,	200.00,	0.00,	0.00,	'2023-08-15 22:00:15',	'2023-08-15 22:00:15'),
(17,	9,	2,	2,	202.00,	0.00,	0.00,	'2023-08-15 22:00:15',	'2023-08-15 22:00:15'),
(18,	10,	1,	17,	1700.00,	0.00,	0.00,	'2023-08-15 23:05:35',	'2023-08-15 23:05:35'),
(19,	10,	3,	6,	612.00,	0.00,	0.00,	'2023-08-15 23:05:35',	'2023-08-15 23:05:35'),
(20,	11,	1,	2,	200.00,	0.00,	0.00,	'2023-08-28 21:10:16',	'2023-08-28 21:10:16'),
(21,	11,	2,	2,	202.00,	0.00,	0.00,	'2023-08-28 21:10:16',	'2023-08-28 21:10:16'),
(22,	11,	3,	2,	204.00,	0.00,	0.00,	'2023-08-28 21:10:16',	'2023-08-28 21:10:16'),
(23,	11,	4,	2,	206.00,	0.00,	0.00,	'2023-08-28 21:10:16',	'2023-08-28 21:10:16'),
(24,	12,	1,	2,	200.00,	0.00,	0.00,	'2023-08-28 21:15:26',	'2023-08-28 21:15:26'),
(25,	12,	2,	2,	202.00,	0.00,	0.00,	'2023-08-28 21:15:26',	'2023-08-28 21:15:26'),
(26,	12,	3,	2,	204.00,	0.00,	0.00,	'2023-08-28 21:15:26',	'2023-08-28 21:15:26'),
(27,	12,	4,	2,	206.00,	0.00,	0.00,	'2023-08-28 21:15:26',	'2023-08-28 21:15:26'),
(28,	13,	1,	1,	300.00,	0.00,	0.00,	'2023-10-11 00:38:16',	'2023-10-11 00:38:16'),
(29,	13,	2,	1,	300.00,	0.00,	0.00,	'2023-10-11 00:38:16',	'2023-10-11 00:38:16'),
(30,	14,	1,	1,	300.00,	0.00,	0.00,	'2023-10-13 20:04:55',	'2023-10-13 20:04:55'),
(31,	14,	2,	1,	300.00,	0.00,	0.00,	'2023-10-13 20:04:55',	'2023-10-13 20:04:55'),
(32,	14,	3,	1,	400.00,	0.00,	0.00,	'2023-10-13 20:04:55',	'2023-10-13 20:04:55'),
(33,	15,	1,	1,	300.00,	0.00,	0.00,	'2023-10-18 21:37:00',	'2023-10-18 21:37:00');

DROP TABLE IF EXISTS `orderpayments`;
CREATE TABLE `orderpayments` (
  `id` bigint(20) unsigned NOT NULL AUTO_INCREMENT,
  `order_id` bigint(20) unsigned NOT NULL,
  `user_id` bigint(20) unsigned NOT NULL,
  `type` varchar(255) COLLATE utf8mb4_unicode_ci NOT NULL,
  `transaction_id` varchar(255) COLLATE utf8mb4_unicode_ci DEFAULT NULL,
  `created_at` timestamp NULL DEFAULT NULL,
  `updated_at` timestamp NULL DEFAULT NULL,
  PRIMARY KEY (`id`),
  KEY `orderpayments_order_id_foreign` (`order_id`),
  KEY `orderpayments_user_id_foreign` (`user_id`),
  CONSTRAINT `orderpayments_order_id_foreign` FOREIGN KEY (`order_id`) REFERENCES `orders` (`id`),
  CONSTRAINT `orderpayments_user_id_foreign` FOREIGN KEY (`user_id`) REFERENCES `users` (`id`)
) ENGINE=InnoDB DEFAULT CHARSET=utf8mb4 COLLATE=utf8mb4_unicode_ci;


DROP TABLE IF EXISTS `orders`;
CREATE TABLE `orders` (
  `id` bigint(20) unsigned NOT NULL AUTO_INCREMENT,
  `user_id` bigint(20) unsigned NOT NULL,
  `referral_id` bigint(20) unsigned DEFAULT NULL,
  `address_id` bigint(20) unsigned NOT NULL,
  `quantity` int(11) NOT NULL DEFAULT 1,
  `total_cost` double(10,2) NOT NULL DEFAULT 0.00,
  `total_discount` double(10,2) NOT NULL DEFAULT 0.00,
  `total_tax` double(10,2) NOT NULL DEFAULT 0.00,
  `total_balance` double(10,2) NOT NULL DEFAULT 0.00,
  `created_at` timestamp NULL DEFAULT NULL,
  `updated_at` timestamp NULL DEFAULT NULL,
  PRIMARY KEY (`id`),
  KEY `orders_user_id_foreign` (`user_id`),
  KEY `orders_referral_id_foreign` (`referral_id`),
  KEY `orders_address_id_foreign` (`address_id`),
  CONSTRAINT `orders_address_id_foreign` FOREIGN KEY (`address_id`) REFERENCES `addresses` (`id`),
  CONSTRAINT `orders_referral_id_foreign` FOREIGN KEY (`referral_id`) REFERENCES `users` (`id`),
  CONSTRAINT `orders_user_id_foreign` FOREIGN KEY (`user_id`) REFERENCES `users` (`id`)
) ENGINE=InnoDB DEFAULT CHARSET=utf8mb4 COLLATE=utf8mb4_unicode_ci;

INSERT INTO `orders` (`id`, `user_id`, `referral_id`, `address_id`, `quantity`, `total_cost`, `total_discount`, `total_tax`, `total_balance`, `created_at`, `updated_at`) VALUES
(1,	9,	NULL,	9,	4,	402.00,	0.00,	0.00,	402.00,	'2023-08-14 11:11:37',	'2023-08-14 11:11:37'),
(2,	9,	NULL,	10,	2,	200.00,	0.00,	0.00,	200.00,	'2023-08-14 16:17:55',	'2023-08-14 16:17:55'),
(3,	9,	NULL,	11,	2,	200.00,	0.00,	0.00,	200.00,	'2023-08-14 16:19:37',	'2023-08-14 16:19:37'),
(4,	9,	NULL,	12,	2,	200.00,	0.00,	0.00,	200.00,	'2023-08-14 16:20:40',	'2023-08-14 16:20:40'),
(5,	9,	NULL,	13,	5,	503.00,	0.00,	0.00,	503.00,	'2023-08-14 16:25:30',	'2023-08-14 16:25:30'),
(6,	9,	NULL,	14,	5,	512.00,	0.00,	0.00,	512.00,	'2023-08-14 16:33:06',	'2023-08-14 16:33:06'),
(7,	9,	NULL,	15,	9,	909.00,	0.00,	0.00,	909.00,	'2023-08-15 14:35:21',	'2023-08-15 14:35:21'),
(8,	9,	NULL,	16,	4,	400.00,	0.00,	0.00,	400.00,	'2023-08-15 21:28:47',	'2023-08-15 21:28:47'),
(9,	12,	NULL,	17,	4,	402.00,	0.00,	0.00,	402.00,	'2023-08-15 22:00:15',	'2023-08-15 22:00:15'),
(10,	1,	NULL,	18,	23,	2312.00,	0.00,	0.00,	2312.00,	'2023-08-15 23:05:35',	'2023-08-15 23:05:35'),
(11,	17,	NULL,	19,	8,	812.00,	0.00,	0.00,	812.00,	'2023-08-28 21:10:16',	'2023-08-28 21:10:16'),
(12,	17,	NULL,	20,	8,	812.00,	0.00,	0.00,	812.00,	'2023-08-28 21:15:26',	'2023-08-28 21:15:26'),
(13,	1,	NULL,	23,	2,	600.00,	0.00,	0.00,	600.00,	'2023-10-11 00:38:16',	'2023-10-11 00:38:16'),
(14,	26,	NULL,	24,	3,	1000.00,	0.00,	0.00,	1000.00,	'2023-10-13 20:04:55',	'2023-10-13 20:04:55'),
(15,	13,	NULL,	25,	1,	300.00,	0.00,	0.00,	300.00,	'2023-10-18 21:37:00',	'2023-10-18 21:37:00');

DROP TABLE IF EXISTS `password_resets`;
CREATE TABLE `password_resets` (
  `mobile` varchar(10) COLLATE utf8mb4_unicode_ci NOT NULL,
  `token` varchar(100) COLLATE utf8mb4_unicode_ci NOT NULL,
  `created_at` timestamp NULL DEFAULT NULL,
  KEY `password_resets_mobile_index` (`mobile`)
) ENGINE=InnoDB DEFAULT CHARSET=utf8mb4 COLLATE=utf8mb4_unicode_ci;


DROP TABLE IF EXISTS `paymentlog`;
CREATE TABLE `paymentlog` (
  `id` bigint(20) unsigned NOT NULL AUTO_INCREMENT,
  `from_user_id` bigint(20) unsigned NOT NULL,
  `to_user_id` bigint(20) unsigned NOT NULL,
  `start_date` date NOT NULL,
  `end_date` date NOT NULL,
  `transaction_date` date NOT NULL,
  `amount` double(10,2) NOT NULL,
  `transaction_id` varchar(50) COLLATE utf8mb4_unicode_ci NOT NULL,
  `balance` double(10,2) NOT NULL DEFAULT 0.00,
  `mode_of_transaction` varchar(50) COLLATE utf8mb4_unicode_ci NOT NULL,
  `transaction_details` varchar(200) COLLATE utf8mb4_unicode_ci DEFAULT NULL,
  `created_at` timestamp NULL DEFAULT NULL,
  `updated_at` timestamp NULL DEFAULT NULL,
  PRIMARY KEY (`id`),
  KEY `paymentlog_from_user_id_foreign` (`from_user_id`),
  KEY `paymentlog_to_user_id_foreign` (`to_user_id`),
  CONSTRAINT `paymentlog_from_user_id_foreign` FOREIGN KEY (`from_user_id`) REFERENCES `users` (`id`),
  CONSTRAINT `paymentlog_to_user_id_foreign` FOREIGN KEY (`to_user_id`) REFERENCES `users` (`id`)
) ENGINE=InnoDB DEFAULT CHARSET=utf8mb4 COLLATE=utf8mb4_unicode_ci;


DROP TABLE IF EXISTS `producelog`;
CREATE TABLE `producelog` (
  `id` bigint(20) unsigned NOT NULL AUTO_INCREMENT,
  `bovine_id` bigint(20) unsigned NOT NULL,
  `from_user_id` bigint(20) unsigned NOT NULL,
  `to_user_id` bigint(20) unsigned NOT NULL,
  `farmer_bovine_type_id` bigint(20) unsigned NOT NULL,
  `transaction_date` datetime NOT NULL,
  `quantity` double(10,2) NOT NULL DEFAULT 0.00,
  `fat` double(10,2) NOT NULL DEFAULT 0.00,
  `snf` double(10,2) NOT NULL DEFAULT 0.00,
  `created_at` timestamp NULL DEFAULT NULL,
  `updated_at` timestamp NULL DEFAULT NULL,
  PRIMARY KEY (`id`),
  KEY `producelog_from_user_id_foreign` (`from_user_id`),
  KEY `producelog_to_user_id_foreign` (`to_user_id`),
  KEY `producelog_farmer_bovine_type_id_foreign` (`farmer_bovine_type_id`),
  CONSTRAINT `producelog_farmer_bovine_type_id_foreign` FOREIGN KEY (`farmer_bovine_type_id`) REFERENCES `farmer_bovine` (`id`),
  CONSTRAINT `producelog_from_user_id_foreign` FOREIGN KEY (`from_user_id`) REFERENCES `users` (`id`),
  CONSTRAINT `producelog_to_user_id_foreign` FOREIGN KEY (`to_user_id`) REFERENCES `users` (`id`)
) ENGINE=InnoDB DEFAULT CHARSET=utf8mb4 COLLATE=utf8mb4_unicode_ci;


DROP TABLE IF EXISTS `products`;
CREATE TABLE `products` (
  `id` bigint(20) unsigned NOT NULL AUTO_INCREMENT,
  `name` varchar(255) COLLATE utf8mb4_unicode_ci NOT NULL,
  `type` varchar(255) COLLATE utf8mb4_unicode_ci NOT NULL,
  `description` text COLLATE utf8mb4_unicode_ci NOT NULL,
  `image` varchar(255) COLLATE utf8mb4_unicode_ci NOT NULL,
  `price` double(10,2) NOT NULL DEFAULT 0.00,
  `discount` double(10,2) NOT NULL DEFAULT 0.00,
  `discount_type` varchar(20) COLLATE utf8mb4_unicode_ci NOT NULL DEFAULT 'percentage',
  `other_details` varchar(255) COLLATE utf8mb4_unicode_ci DEFAULT NULL,
  `created_at` timestamp NULL DEFAULT NULL,
  `updated_at` timestamp NULL DEFAULT NULL,
  PRIMARY KEY (`id`)
) ENGINE=InnoDB DEFAULT CHARSET=utf8mb4 COLLATE=utf8mb4_unicode_ci;

INSERT INTO `products` (`id`, `name`, `type`, `description`, `image`, `price`, `discount`, `discount_type`, `other_details`, `created_at`, `updated_at`) VALUES
(1,	'Gau Rakshak Dudh Varthak',	'Milk Enhancer',	'Contains Biotin as per NRC 2001 for ruminants,\r\nPhosphorus @ 14.5%, required for Rajasthan, Calcium 25% & best Bio available Vitamin D3 @ 20000 IU per dose of 100gm to ensure full Absorption of Calcium',	'https://s3.jp-tok.cloud-object-storage.appdomain.cloud/nutricow-bucket/prod1.jpeg',	300.00,	0.00,	'percentage',	NULL,	NULL,	NULL),
(2,	'Gau Rakshak Heifer Premix',	'Gau Rakshak',	' Perfect combination of Anti  Oxidants, Vitamins, Organic  Minerals & Eubiotics  Best Solution with required all  system modulators for best  growth & immunity to reduce  first age of calving significantly ',	'https://s3.jp-tok.cloud-object-storage.appdomain.cloud/nutricow-bucket/prod2.jpeg',	300.00,	0.00,	'percentage',	NULL,	NULL,	NULL),
(3,	'Gau Rakshak Fertility Premix ',	'Gau Rakshak',	'Revolutionary Solution in Industry  Perfect combination of Green forage  deprived area (Power of Carotenoids)  Only Solution with required Vitamins, Organic Trace Minerals (OTM), Iodine, Carotenoids & Major Minerals along with Rumen Modulators',	'https://s3.jp-tok.cloud-object-storage.appdomain.cloud/nutricow-bucket/prod3.jpeg',	400.00,	0.00,	'percentage',	NULL,	NULL,	NULL),
(4,	'Gau Rakshak Mineral Mixture ',	'Milk Enhancer',	'Best Proven Solution in Industry  Only solution with required levels  of Vitamins, Organic Trace Minerals  (OTM), Iodine, Major minerals, &  Rumen Modulators looking into  scarcity of Green Forage  Adequate Vitamin A, Chromium, Zinc, Copper & Manganese support in  Reducing Stress  Adequate Vitamin D3 helps in better absorption of calcium & Phosphorus from different diet sources ',	'https://s3.jp-tok.cloud-object-storage.appdomain.cloud/nutricow-bucket/prod4.jpeg',	350.00,	0.00,	'percentage',	NULL,	NULL,	NULL),
(5,	'Gau Rakshak Fat Vardhak',	'Fat Enhancer',	'- Specially formulated to enhance the fat content of milk.\r\n- Composed of rumen bypass fat, enriched with digestive enzyme and bioactive chromium, improve fat content in milk\r\n- Optimizes rumen function and absorption of nutrients.\r\n- Helps to maintain optimum rumen microflora andfermentation',	'https://s3.jp-tok.cloud-object-storage.appdomain.cloud/nutricow-bucket/prod5.png',	350.00,	0.00,	'percentage',	NULL,	NULL,	NULL);

DROP TABLE IF EXISTS `profiles`;
CREATE TABLE `profiles` (
  `id` bigint(20) unsigned NOT NULL AUTO_INCREMENT,
  `user_id` bigint(20) unsigned NOT NULL,
  `address_id` bigint(20) unsigned NOT NULL,
  `profile_image` varchar(255) COLLATE utf8mb4_unicode_ci DEFAULT NULL,
  `profile_data` text COLLATE utf8mb4_unicode_ci DEFAULT NULL,
  `created_at` timestamp NULL DEFAULT NULL,
  `updated_at` timestamp NULL DEFAULT NULL,
  PRIMARY KEY (`id`),
  KEY `profiles_user_id_foreign` (`user_id`),
  KEY `profiles_address_id_foreign` (`address_id`),
  CONSTRAINT `profiles_address_id_foreign` FOREIGN KEY (`address_id`) REFERENCES `addresses` (`id`),
  CONSTRAINT `profiles_user_id_foreign` FOREIGN KEY (`user_id`) REFERENCES `users` (`id`)
) ENGINE=InnoDB DEFAULT CHARSET=utf8mb4 COLLATE=utf8mb4_unicode_ci;

INSERT INTO `profiles` (`id`, `user_id`, `address_id`, `profile_image`, `profile_data`, `created_at`, `updated_at`) VALUES
(1,	4,	3,	NULL,	'{\"date_of_birth\":\"2023-08-19\",\"aadhar_number\":1111}',	'2023-08-13 07:26:51',	'2023-08-13 07:26:51'),
(2,	7,	6,	NULL,	'{\"date_of_birth\":\"2023-08-11\",\"aadhar_number\":2222,\"biometric\":\"22222\",\"bank_name\":\"SBI\"}',	'2023-08-13 08:11:08',	'2023-08-13 08:11:08'),
(3,	22,	22,	NULL,	'{\"date_of_birth\":\"1972-07-11\",\"aadhar_number\":123445676789}',	'2023-08-31 11:56:05',	'2023-08-31 11:56:05'),
(4,	12,	22,	NULL,	'{\"date_of_birth\":\"1972-07-11\",\"aadhar_number\":123445676789}',	'2023-08-31 11:56:05',	'2023-08-31 11:56:05'),
(5,	13,	22,	NULL,	'{\"date_of_birth\":\"1972-07-11\",\"aadhar_number\":123445676789}',	'2023-08-31 11:56:05',	'2023-08-31 11:56:05'),
(6,	17,	22,	NULL,	'{\"date_of_birth\":\"1972-07-11\",\"aadhar_number\":123445676789}',	'2023-08-31 11:56:05',	'2023-08-31 11:56:05'),
(7,	30,	28,	NULL,	NULL,	'2023-10-18 22:36:37',	'2023-10-18 22:36:37'),
(8,	33,	29,	NULL,	NULL,	'2023-10-18 22:41:29',	'2023-10-18 22:41:29'),
(9,	34,	30,	NULL,	NULL,	'2023-10-18 22:43:44',	'2023-10-18 22:43:44'),
(10,	35,	31,	NULL,	NULL,	'2023-10-18 23:27:34',	'2023-10-18 23:27:34'),
(11,	36,	32,	NULL,	NULL,	'2023-10-19 00:01:40',	'2023-10-19 00:01:40'),
(12,	37,	33,	NULL,	NULL,	'2023-10-20 00:07:24',	'2023-10-20 00:07:24');

DROP TABLE IF EXISTS `states`;
CREATE TABLE `states` (
  `id` bigint(20) unsigned NOT NULL AUTO_INCREMENT,
  `name` varchar(100) COLLATE utf8mb4_unicode_ci NOT NULL,
  `country_id` bigint(20) unsigned NOT NULL,
  `created_at` timestamp NULL DEFAULT NULL,
  `updated_at` timestamp NULL DEFAULT NULL,
  PRIMARY KEY (`id`),
  KEY `states_country_id_foreign` (`country_id`),
  CONSTRAINT `states_country_id_foreign` FOREIGN KEY (`country_id`) REFERENCES `countries` (`id`)
) ENGINE=InnoDB DEFAULT CHARSET=utf8mb4 COLLATE=utf8mb4_unicode_ci;

INSERT INTO `states` (`id`, `name`, `country_id`, `created_at`, `updated_at`) VALUES
(1,	'Uttar Pradesh',	1,	NULL,	NULL),
(2,	'Rajasthan',	1,	NULL,	NULL);

DROP TABLE IF EXISTS `users`;
CREATE TABLE `users` (
  `id` bigint(20) unsigned NOT NULL AUTO_INCREMENT,
  `name` varchar(100) COLLATE utf8mb4_unicode_ci NOT NULL,
  `mobile` varchar(10) COLLATE utf8mb4_unicode_ci NOT NULL,
  `mobile_verified_at` timestamp NULL DEFAULT NULL,
  `password` varchar(100) COLLATE utf8mb4_unicode_ci NOT NULL,
  `api_token` varchar(60) COLLATE utf8mb4_unicode_ci DEFAULT NULL,
  `user_type` varchar(20) COLLATE utf8mb4_unicode_ci NOT NULL,
  `remember_token` varchar(100) COLLATE utf8mb4_unicode_ci DEFAULT NULL,
  `created_at` timestamp NULL DEFAULT NULL,
  `updated_at` timestamp NULL DEFAULT NULL,
  PRIMARY KEY (`id`),
  UNIQUE KEY `users_mobile_unique` (`mobile`),
  UNIQUE KEY `users_api_token_unique` (`api_token`)
) ENGINE=InnoDB DEFAULT CHARSET=utf8mb4 COLLATE=utf8mb4_unicode_ci;

INSERT INTO `users` (`id`, `name`, `mobile`, `mobile_verified_at`, `password`, `api_token`, `user_type`, `remember_token`, `created_at`, `updated_at`) VALUES
(1,	'Admin User',	'9164536900',	NULL,	'$2y$10$yOMQEeKE9z/bheCMpRs8K.unh6B5/kBCSlneTcacorFnh/wbM92Te',	NULL,	'Admin',	NULL,	'2023-08-12 19:54:39',	'2023-10-21 07:42:47'),
(4,	'Deepak',	'9164589900',	NULL,	'$2y$10$yOMQEeKE9z/bheCMpRs8K.unh6B5/kBCSlneTcacorFnh/wbM92Te',	NULL,	'Agent',	NULL,	'2023-08-13 07:26:51',	'2023-09-06 02:12:29'),
(7,	'Deepak',	'9164536901',	NULL,	'$2y$10$6h02BnWGb.6rw3WbL0Xrx.vaKRc7NYtfXAnebMOiWO08EzzXBrKsC',	'HH3cYVgx8hshRzMT03MD1A3iMvcfJH7iVvqUtdDEosxoljwdDjOpDleV7MfZ',	'Farmer',	NULL,	'2023-08-13 08:11:07',	'2023-10-21 07:43:02'),
(9,	'9304925800',	'9304925800',	NULL,	'$2y$10$XEw9X4zkO3PiPiFKWSI39uX6uLtshxnwW/EUTqfY6LiHiAAjVgepe',	'SIx9SRMU9akYVMI8Dqrk0nl1JxTw1IqcH9P0OCeEoR7GmLLXmn7yt7Mjvswe',	'Farmer',	NULL,	'2023-08-13 18:42:18',	'2023-09-06 02:12:37'),
(10,	'9435272949',	'9435272949',	NULL,	'$2y$10$p3XHwEvU26nc2lzfWfoXce4BWdikXTXjiU6oaGXGuOWNJBQyts5rC',	NULL,	'Farmer',	NULL,	'2023-08-15 18:27:22',	'2023-08-15 21:40:21'),
(11,	'7632846850',	'7632846850',	NULL,	'$2y$10$OwrQ048ZDnpZVnBY5TJ2t.qawNMm6w.G.oaMFDvxHnZ0nUDJjqe1S',	NULL,	'Farmer',	NULL,	'2023-08-15 21:50:02',	'2023-08-17 00:16:24'),
(12,	'9972584742',	'9972584742',	NULL,	'$2y$10$m9XuewxTqBHo6JY3szEOA.rBGd7zeONT3KdMKST/IAAwonx8pKHIu',	NULL,	'Farmer',	NULL,	'2023-08-15 21:58:06',	'2023-10-18 22:11:45'),
(13,	'9717722712',	'9717722712',	NULL,	'$2y$10$42s7ydt9GHw0Nkpaza6X1eEOSUDyo2jnWbgoYCC.OLz5.2YuolAwu',	'kGD0AbQlVe7rxzWZBcXRL1eBUh7UOfyRmwj6wLOrt4hyQhGmUXrJv22V3M8o',	'Farmer',	NULL,	'2023-08-16 09:55:00',	'2023-10-21 07:49:32'),
(14,	'1234567898',	'1234567898',	NULL,	'$2y$10$tc5eyiTZ4lX3Q2zWcmJXKeHNIZTPXgx/.JodvpGzK/o8txeV0GLvq',	NULL,	'Farmer',	NULL,	'2023-08-17 06:32:10',	'2023-08-17 14:18:22'),
(15,	'9812981298',	'9812981298',	NULL,	'$2y$10$mKFNrc8LFKUM9KhS3KugmOdl/vUJz0t6fQOVSZiJegVfSIAYrMraK',	NULL,	'Farmer',	NULL,	'2023-08-17 14:18:51',	'2023-08-17 14:18:56'),
(16,	'9878987898',	'9878987898',	NULL,	'$2y$10$F.kMxMahL31MegB3n4T9OeMPHhsmdV/NXOeCzR2okBZxRnxSri36W',	NULL,	'Farmer',	NULL,	'2023-08-24 22:12:09',	'2023-08-29 00:51:30'),
(17,	'6366062229',	'6366062229',	NULL,	'$2y$10$8o3/ktbVy9mZdbPEItJFXuV7tCTWnsIQBz5r041aCBEk98hnJ6Yk6',	NULL,	'Farmer',	NULL,	'2023-08-24 22:13:27',	'2023-10-21 08:00:31'),
(22,	'Inf1',	'123456789',	NULL,	'$2y$10$1YpEX0AxEGDZZWu2hna40e5GMQTpvRJjND3h5igz2Sg7T5Zz7uyVi',	NULL,	'Influencer',	NULL,	'2023-08-31 11:56:05',	'2023-08-31 11:56:05'),
(25,	'6366052229',	'6366052229',	NULL,	'$2y$10$42s7ydt9GHw0Nkpaza6X1eEOSUDyo2jnWbgoYCC.OLz5.2YuolAwu',	NULL,	'Farmer',	NULL,	'2023-09-02 21:31:56',	'2023-09-02 21:32:02'),
(26,	'9980573313',	'9980573313',	NULL,	'$2y$10$WZr5mip6u.gOfRqDfA6Cm.ZMAkM4TbS.yUVfGJacG..woefmSu5vG',	'40PYFApQguh0JWYSZ3T4n2PutpFoOq9kXbwD4EAJ5JRlVIXJb3cZuNbb2S47',	'Farmer',	NULL,	'2023-10-13 20:03:37',	'2023-10-13 20:03:37'),
(27,	'samrat',	'9717722713',	NULL,	'$2y$10$9eso4iWhiItvVGOZFybVNul4wvkMIu4OKv9EiXQEAnlSHLkVYt2fu',	NULL,	'Farmer',	NULL,	'2023-10-18 22:15:15',	'2023-10-18 22:24:54'),
(28,	'GK',	'9902733320',	NULL,	'$2y$10$gLq8xD/gvlGNDFZmjp6jyOn8u3v.uaNmS5zVGEJ9lxEaqmb2RKYo6',	NULL,	'Farmer',	NULL,	'2023-10-18 22:17:07',	'2023-10-18 22:40:15'),
(30,	'samrat',	'9717722714',	NULL,	'$2y$10$4RfSD2z6Y3EtouPvJUNK6OUaTrF1NJFln8w9FNhMIt12ODXnBCs2C',	NULL,	'Farmer',	NULL,	'2023-10-18 22:36:37',	'2023-10-18 22:38:08'),
(33,	'nrk',	'9902733321',	NULL,	'$2y$10$jtECCGuh3JtOO8IPsEUqZ.0DzD959bYm9A/rJJlGMkfmefSrAUtJy',	NULL,	'Farmer',	NULL,	'2023-10-18 22:41:29',	'2023-10-18 22:45:48'),
(34,	'samrat',	'9717722717',	NULL,	'$2y$10$1j0UN6mOmFY1N7hDv9L.y.FqIDHVv5m6PuMlWs/QRgSvKMjfuCJC2',	NULL,	'Farmer',	NULL,	'2023-10-18 22:43:44',	'2023-10-19 08:20:44'),
(35,	'DR. MD TAJUL ISLAM',	'1912371086',	NULL,	'$2y$10$PVFb6Wue3KY1LIW4LOKfr.4/LDIxIVJ39Z1akGR.IT1HqsXwyYQKq',	'kMfgGfF9SdzMSKQoBj3oRDShNV0p4C6bcFgAePl9ZQEVtneyPkpommyvirVJ',	'Farmer',	NULL,	'2023-10-18 23:27:34',	'2023-10-18 23:27:34'),
(36,	'nafiul',	'1672838306',	NULL,	'$2y$10$Kl/LvrwqE4lBKJNpyts1MuBpIsLPh92OViBiM/BYeED.9E.CG.fAa',	'RkhbZgjY7gZmfi3vRgToRAyEK9khXAje0Wga4yZxXChBJhMG7ZczE84mYO9v',	'Farmer',	NULL,	'2023-10-19 00:01:40',	'2023-10-19 00:01:40'),
(37,	'aaa',	'9164536905',	NULL,	'$2y$10$NQLWVodB2oT2M8F.Y1ZGNe1.YAiZLRtPI6alHxVfJrRhdol7Mon3W',	NULL,	'Farmer',	NULL,	'2023-10-20 00:07:24',	'2023-10-20 01:07:40');

DROP TABLE IF EXISTS `villages`;
CREATE TABLE `villages` (
  `id` bigint(20) unsigned NOT NULL AUTO_INCREMENT,
  `name` varchar(100) COLLATE utf8mb4_unicode_ci NOT NULL,
  `zone_id` bigint(20) unsigned NOT NULL,
  `pincode` varchar(6) COLLATE utf8mb4_unicode_ci NOT NULL,
  `created_at` timestamp NULL DEFAULT NULL,
  `updated_at` timestamp NULL DEFAULT NULL,
  PRIMARY KEY (`id`),
  KEY `villages_zone_id_foreign` (`zone_id`),
  CONSTRAINT `villages_zone_id_foreign` FOREIGN KEY (`zone_id`) REFERENCES `zones` (`id`)
) ENGINE=InnoDB DEFAULT CHARSET=utf8mb4 COLLATE=utf8mb4_unicode_ci;

INSERT INTO `villages` (`id`, `name`, `zone_id`, `pincode`, `created_at`, `updated_at`) VALUES
(1,	'Chokkanhalli',	1,	'560064',	NULL,	NULL);

DROP TABLE IF EXISTS `zones`;
CREATE TABLE `zones` (
  `id` bigint(20) unsigned NOT NULL AUTO_INCREMENT,
  `name` varchar(100) COLLATE utf8mb4_unicode_ci NOT NULL,
  `district_id` bigint(20) unsigned NOT NULL,
  `created_at` timestamp NULL DEFAULT NULL,
  `updated_at` timestamp NULL DEFAULT NULL,
  PRIMARY KEY (`id`),
  KEY `zones_district_id_foreign` (`district_id`),
  CONSTRAINT `zones_district_id_foreign` FOREIGN KEY (`district_id`) REFERENCES `districts` (`id`)
) ENGINE=InnoDB DEFAULT CHARSET=utf8mb4 COLLATE=utf8mb4_unicode_ci;

INSERT INTO `zones` (`id`, `name`, `district_id`, `created_at`, `updated_at`) VALUES
(1,	'North',	1,	NULL,	NULL);

-- 2023-10-21 04:32:16
